signal_date,side,close_at_signal,fwd_5d_return_pct,fwd_10d_return_pct,fwd_20d_return_pct
2015-12-14,short,170.0445,0.0147,-2.8262,6.3806
2016-01-08,short,161.7997,2.1415,2.2301,3.3868
2016-02-25,long,164.8516,2.1684,2.0456,4.4122
2016-03-31,long,174.159,-0.7639,1.2115,0.9391
2016-04-14,long,176.269,0.4615,-0.2692,-0.6971
2016-05-27,long,178.1587,0.528,-0.8514,-4.5672
2016-06-06,long,179.0993,-1.3721,-1.1446,-0.8782
2016-07-11,long,181.7769,1.4105,1.5229,2.179
2016-08-05,long,185.8486,0.1284,0.165,0.0871
2016-09-12,short,184.2812,0.856,0.4705,-0.4215
2016-11-01,short,180.649,-1.4692,-3.4453,-4.4406
2016-11-09,long,185.2464,0.6886,1.9965,4.0531
2016-12-07,long,192.2837,0.5699,1.1134,1.7583
2017-01-06,long,195.6647,-0.0704,-0.4665,0.757
2017-01-25,long,197.697,-0.8494,-0.1438,2.9925
2017-02-24,long,203.8715,0.7097,0.4013,-0.7868
2017-03-02,long,205.1891,-0.5917,0.0881,-0.3996
2017-03-22,short,202.6308,-0.5378,-0.2134,-0.4524
2017-04-25,long,206.3239,0.0922,0.3731,0.6288
2017-05-25,long,209.1003,0.9969,0.6825,1.0571
2017-07-14,long,213.4227,0.5375,0.5498,-0.5864
2017-07-25,long,215.0392,-0.0404,-0.0647,-0.8003
2017-09-12,long,217.325,0.4641,0.1065,2.333
2017-10-11,long,222.7446,0.2745,0.1059,1.6038
2017-11-03,long,225.7405,-0.1393,-0.2283,2.2016
2017-11-21,long,227.0855,1.0462,1.2501,3.2328
2018-01-02,long,235.9543,2.1468,4.0332,4.8852
2018-03-23,short,227.4505,0.2248,-1.1432,-3.3017
2018-04-02,short,226.9393,-1.371,-3.8296,-2.7343
2018-05-10,long,239.764,-0.0037,0.2867,2.2682
2018-06-04,long,242.3024,1.3314,1.0556,-0.6618
2018-07-10,long,246.932,0.5629,0.9717,2.3951
2018-07-13,long,247.5429,0.0322,0.6545,1.2768
2018-07-17,long,248.322,0.4065,0.3066,1.223
2018-07-25,long,251.4563,-1.1091,0.5106,0.7606
2018-08-06,long,252.0141,-0.8924,0.3619,1.8163
2018-08-21,long,253.5191,1.2503,0.9394,1.7043
2018-09-20,long,259.9293,-0.5362,-0.9639,-5.4257
2018-10-10,short,247.5161,-0.7725,4.664,-0.9738
2018-12-17,short,227.1136,7.6956,1.4564,-2.7976
2019-01-31,long,241.4739,0.0778,1.6486,3.8862
2019-02-19,long,248.5589,0.5291,0.4211,2.0853
2019-03-15,long,252.7627,-0.7323,0.4159,3.146
2019-04-02,long,256.9499,0.4686,1.4652,2.0421
2019-04-15,long,260.5438,1.0036,1.3967,-2.2657
2019-05-29,short,250.0312,-1.6854,-3.6367,-4.8919
2019-06-19,long,263.3203,-0.4017,2.4545,2.4648
2019-07-24,long,272.1673,-1.3303,-4.4686,-2.9823
2019-07-26,long,272.6819,-3.1091,-3.4403,-5.6819
2019-08-06,short,259.8518,-1.6505,-0.7957,-2.1682
2019-09-06,long,269.1064,1.02,0.5393,-0.7853
2019-10-03,short,263.4283,-0.971,-3.0507,-4.4453
2019-10-25,long,273.5693,1.5053,2.4337,3.1034
2019-11-25,long,284.2452,-1.219,0.0511,3.0122
2019-12-12,long,287.6559,1.1888,2.3074,3.9203
2020-01-10,long,296.8909,1.9158,-0.6785,2.754
2020-01-15,long,299.1516,1.0756,-0.1554,2.7027
2020-02-06,long,304.4293,0.9222,-0.1497,-10.9348
2020-02-10,long,305.0674,0.6125,-6.5824,-13.8222
2020-02-26,short,283.9383,-0.4366,11.923,20.3078
2020-05-28,long,277.787,2.7692,-0.779,1.8921
2020-07-14,long,293.6979,1.9096,0.7055,4.3522
2020-08-18,long,311.8584,1.6182,4.1224,0.0532
2020-08-25,long,316.905,2.4642,-1.2583,-5.8667
2020-09-01,long,324.7143,-3.633,-3.9081,-4.6425
2020-10-13,long,323.7304,-1.9279,-3.4016,1.1167
2020-10-29,short,305.0998,-6.1397,-7.0398,-10.2097
2020-11-10,long,327.3456,1.8586,2.5929,3.6183
2020-12-17,long,344.1733,-0.4478,-0.5045,2.1556
2021-01-08,long,354.0158,-1.4583,0.821,2.4262
2021-01-21,long,356.7829,-1.7202,0.5075,1.5069
2021-02-04,long,358.5935,1.1704,0.9943,-0.6629
2021-03-15,long,368.0833,-0.6393,0.1681,4.4908
2021-04-06,long,378.3344,1.6596,1.4897,2.3392
2021-04-16,long,388.7124,-0.1246,0.0096,-0.163
2021-05-07,long,393.2398,-1.3124,-1.7009,0.0166
2021-06-10,long,394.6278,-0.3871,0.6801,3.1479
2021-06-25,long,398.7228,1.6666,2.4542,3.3778
2021-07-09,long,407.0504,-0.9598,1.0149,1.6004
2021-07-23,long,411.1815,-0.325,0.5796,0.7774
2021-08-06,long,413.5648,0.7752,0.1966,2.3933
2021-08-23,long,418.0229,1.1112,0.9391,-2.7368
2021-08-27,long,420.8175,0.6285,-0.8151,-1.3752
2021-09-21,short,406.5823,-0.0208,0.1222,-3.9227
2021-10-04,short,401.9036,-1.4114,-4.3276,-7.3255
2021-10-18,long,419.2965,1.8694,2.8735,4.526
2021-10-29,long,430.6043,2.0207,1.7463,1.1649
2021-12-01,short,422.4,-4.222,-4.4617,-6.0673
2021-12-27,long,449.063,0.0943,-2.462,-8.9658
2022-01-20,short,420.3556,3.4717,0.0336,2.169
2022-03-22,long,424.3421,2.6602,0.3203,-1.0854
2022-03-25,long,427.268,0.0508,-1.131,-5.3414
2022-04-22,short,402.1145,3.2955,3.4504,8.5461
2022-06-14,short,352.8742,-0.5717,-2.17,-1.5172
2022-07-20,long,374.2101,1.5883,4.9852,8.0756
2022-07-28,long,384.9216,1.9947,3.428,3.3098
2022-08-30,short,377.4709,0.108,0.9066,6.5689
2022-09-02,short,371.8119,-4.7751,0.5339,6.1503
2022-09-21,short,359.2048,1.8178,0.0795,2.3557
2022-10-25,long,366.372,-0.1039,-0.7586,3.8917
2022-11-11,long,379.3071,-0.6223,-0.6524,0.1104
2022-12-19,short,363.369,-0.3631,-0.9842,-2.2683
2023-01-23,long,383.076,-0.01,2.2964,-0.3844
2023-01-27,long,387.9047,1.6442,0.5817,-1.9597
2023-02-01,long,392.8003,-0.0365,0.7741,-3.1621
2023-03-10,short,369.0009,-1.4429,-2.9412,-6.5464
2023-03-31,long,392.9461,0.0537,1.1114,1.4949
2023-04-13,long,396.8623,-0.3846,-0.2564,-0.3241
2023-04-28,long,399.2234,-0.7934,-1.0434,0.9834
2023-05-18,long,402.3909,-1.0925,2.0728,5.2149
2023-06-05,long,409.9449,1.5687,2.7403,4.1386
2023-07-13,long,433.1055,0.5828,0.6517,-0.8119
2023-08-15,short,426.6796,1.0703,-1.4157,-0.8174
2023-09-22,short,416.1287,0.6831,0.2045,2.1444
2023-09-27,short,411.9038,0.3263,-2.4105,1.9951
2023-10-25,short,403.686,-1.2238,-4.718,-8.9738
2023-11-10,long,425.9803,2.3104,3.1479,4.8524
2023-12-08,long,444.9198,2.3974,3.3399,3.3901
2023-12-27,long,462.5562,-1.937,-0.0336,2.2875
2024-01-19,long,468.3028,1.0323,2.4708,3.5404
2024-02-23,long,492.9784,0.9846,0.762,2.9496
2024-03-20,long,506.8084,0.5168,-1.4237,-4.0271
2024-04-15,short,491.1995,0.9377,-1.1121,-3.2629
2024-05-09,long,506.5065,1.6379,1.1131,2.6607
2024-06-10,long,521.5897,2.1357,2.04,5.1284
2024-07-11,long,543.6108,-0.6865,-3.2472,-4.6417
2024-07-25,short,525.9587,-0.8544,1.4413,-3.3079
2024-08-19,long,546.6685,0.2108,-1.3456,0.6183
2024-09-20,long,556.8113,0.5666,0.8324,2.8755
2024-09-27,long,559.9665,0.2643,1.4192,1.3247
2024-10-09,long,565.5224,0.8941,0.1473,2.4084
2024-11-07,long,583.6207,-0.3795,-0.3257,2.0483
2025-01-22,long,596.2325,-0.7635,-0.3661,0.6497
2025-02-18,long,601.1976,-2.821,-5.6632,-8.2536
2025-02-27,short,575.2026,2.1092,5.7482,2.7799
2025-03-11,short,546.5629,-0.9174,-3.8263,10.4235
2025-05-13,long,578.6982,1.0241,0.1517,
