symbol,side,entry_date,exit_date,entry_price,exit_price,stop_level,shares,bars_held,pnl_usd,pnl_pct,exit_reason,partial
GLD,short,2015-12-01,2015-12-02,102.2489,100.7403,102.485,16,2,24.14,1.4753,partial_profit,True
GLD,short,2015-12-01,2015-12-04,102.2489,104.072,102.485,32,4,-58.34,-1.7831,stop,False
XLF,short,2015-12-15,2015-12-15,15.764,15.9859,15.9297,316,1,-70.1,-1.4072,stop,False
XLF,short,2015-12-22,2015-12-23,15.816,16.0727,15.9297,314,2,-80.58,-1.6225,stop,False
XLF,short,2015-12-29,2015-12-29,16.1635,16.2131,15.9297,306,1,-15.18,-0.307,stop,False
XLE,short,2015-12-07,2016-01-05,20.5365,19.8984,21.4677,243,20,155.06,3.1071,time_stop,False
XLF,short,2016-01-05,2016-01-08,15.6423,14.7818,15.9297,105,4,90.36,5.5014,partial_profit,True
XLF,short,2016-01-05,2016-02-02,15.6423,14.0661,15.9297,211,20,332.58,10.0767,time_stop,False
IWM,short,2016-01-08,2016-02-05,92.5675,85.807,96.2443,53,20,358.3,7.3032,time_stop,False
XLF,short,2016-02-10,2016-02-11,13.7313,13.1497,13.8565,124,2,72.11,4.2352,partial_profit,True
XLF,short,2016-02-10,2016-02-16,13.7313,13.9256,13.8565,250,4,-48.58,-1.4152,stop,False
XLF,short,2016-02-17,2016-02-17,14.0453,14.1129,13.8565,366,1,-24.73,-0.481,stop,False
XLF,short,2016-02-24,2016-02-24,13.7847,13.9658,13.8565,373,1,-67.52,-1.3131,stop,False
XLF,short,2016-03-02,2016-03-02,14.5799,14.7416,13.8565,351,1,-56.77,-1.1093,stop,False
IWM,short,2016-02-08,2016-03-07,84.8207,95.3032,96.2443,22,20,-230.62,-12.3584,time_stop,False
XLF,short,2016-03-09,2016-03-09,14.6935,14.6747,13.8565,300,1,5.62,0.1276,stop,False
XLF,short,2016-03-16,2016-03-16,14.8939,14.9557,13.8565,242,1,-14.94,-0.4144,stop,False
XLF,short,2016-03-23,2016-03-23,15.1547,15.0825,13.8565,194,1,14.0,0.4763,stop,False
XLF,short,2016-03-30,2016-03-30,15.1278,15.1497,13.8565,198,1,-4.33,-0.1445,stop,False
XLF,short,2016-04-06,2016-04-06,14.9198,15.0422,13.8565,237,1,-29.01,-0.8205,stop,False
XLF,short,2016-04-13,2016-04-13,15.2017,15.405,13.8565,187,1,-38.02,-1.3375,stop,False
IWM,long,2016-04-15,2016-05-05,98.2318,96.6953,96.9548,51,15,-78.36,-1.5641,stop,False
XLF,long,2016-04-21,2016-05-13,15.8081,15.356,15.4102,320,17,-144.66,-2.8596,stop,False
XLE,long,2016-04-20,2016-05-17,21.6959,21.962,21.1528,233,20,61.99,1.2264,time_stop,False
GLD,long,2016-05-02,2016-05-20,123.8419,119.6501,119.755,40,15,-167.67,-3.3848,stop,False
GLD,long,2016-05-23,2016-05-23,118.9194,119.3103,119.755,42,1,16.42,0.3287,stop,False
SPY,long,2016-06-01,2016-06-02,177.2982,178.6371,176.9367,9,2,12.05,0.7552,partial_profit,True
SPY,long,2016-06-01,2016-06-13,177.2982,176.5536,176.9367,19,9,-14.15,-0.42,stop,False
XLE,long,2016-06-08,2016-06-13,23.1659,22.2166,22.2881,216,4,-205.04,-4.0977,stop,False
QQQ,long,2016-05-27,2016-06-15,102.079,100.2003,100.4547,49,13,-92.05,-1.8404,stop,False
XLE,long,2016-06-15,2016-06-15,22.1428,22.1505,22.2881,224,1,1.71,0.0345,stop,False
XLE,long,2016-06-22,2016-06-24,22.8519,22.2331,22.2881,216,3,-133.66,-2.7078,stop,False
XLF,short,2016-06-28,2016-06-29,14.7364,15.1969,15.1584,333,2,-153.35,-3.125,stop,False
XLF,short,2016-07-05,2016-07-06,15.1952,15.1699,15.1584,321,2,8.13,0.1666,stop,False
GLD,long,2016-07-06,2016-07-20,130.5652,125.3273,126.1963,37,11,-193.8,-4.0117,stop,False
IWM,long,2016-07-13,2016-08-09,106.2122,107.9049,102.3545,46,20,77.86,1.5937,time_stop,False
XLF,long,2016-08-09,2016-09-06,16.2371,16.5515,15.9942,298,20,93.69,1.9363,time_stop,False
XLF,long,2016-09-07,2016-09-26,16.5072,15.9154,15.9942,295,14,-174.58,-3.585,stop,False
QQQ,long,2016-09-23,2016-09-26,111.3771,109.7137,109.7711,43,2,-71.53,-1.4935,stop,False
QQQ,long,2016-09-30,2016-10-13,110.5816,109.3958,109.7711,43,10,-50.99,-1.0723,stop,False
GLD,short,2016-10-06,2016-11-02,119.6302,123.7018,125.2282,40,20,-162.87,-3.4035,time_stop,False
IWM,short,2016-10-28,2016-11-09,104.6132,108.4619,106.9444,46,9,-177.04,-3.679,stop,False
XLF,long,2016-11-10,2016-12-08,17.6774,19.7795,16.5732,216,20,454.07,11.8918,time_stop,False
GLD,short,2016-11-15,2016-12-13,116.4018,110.5052,120.017,40,20,235.86,5.0657,time_stop,False
GLD,short,2016-12-16,2017-01-04,107.896,110.9154,110.7177,45,12,-135.87,-2.7984,stop,False
GLD,short,2017-01-05,2017-01-05,112.1039,112.6363,110.7177,43,1,-22.89,-0.4749,stop,False
SPY,long,2016-12-09,2017-01-09,193.0736,194.9212,189.2699,25,20,46.19,0.957,time_stop,False
GLD,short,2017-01-12,2017-01-12,114.4627,113.967,110.7177,42,1,20.82,0.4331,stop,False
GLD,short,2017-01-19,2017-01-19,114.2628,114.8274,110.7177,42,1,-23.71,-0.4941,stop,False
GLD,short,2017-01-26,2017-01-26,113.1834,113.3166,110.7177,42,1,-5.6,-0.1177,stop,False
GLD,short,2017-02-02,2017-02-02,116.2019,115.8979,110.7177,41,1,12.46,0.2616,stop,False
GLD,short,2017-02-09,2017-02-09,118.1309,117.3486,110.7177,32,1,25.03,0.6622,stop,False
GLD,short,2017-02-16,2017-02-16,117.871,118.139,110.7177,33,1,-8.84,-0.2274,stop,False
GLD,short,2017-02-23,2017-02-23,118.7006,118.9995,110.7177,30,1,-8.97,-0.2518,stop,False
GLD,short,2017-03-02,2017-03-02,117.7011,117.6388,110.7177,34,1,2.12,0.053,stop,False
GLD,short,2017-03-09,2017-03-09,114.7226,114.5272,110.7177,42,1,8.21,0.1703,stop,False
XLE,short,2017-03-10,2017-03-15,23.7585,23.853,23.9598,204,4,-19.29,-0.3979,stop,False
QQQ,long,2017-03-17,2017-03-21,124.0733,121.9854,123.1608,39,3,-81.43,-1.6828,stop,False
QQQ,long,2017-03-24,2017-03-24,123.0198,122.7559,123.1608,39,1,-10.29,-0.2145,stop,False
QQQ,long,2017-03-31,2017-04-12,124.4308,123.0284,123.1608,39,9,-54.69,-1.1271,stop,False
QQQ,long,2017-04-13,2017-04-13,122.9822,122.5398,123.1608,39,1,-17.26,-0.3598,stop,False
QQQ,long,2017-04-20,2017-04-25,124.1863,126.9847,123.1608,12,4,33.58,2.2534,partial_profit,True
IWM,long,2017-04-27,2017-05-03,125.9798,123.138,123.3778,38,5,-107.99,-2.2557,stop,False
IWM,long,2017-05-04,2017-05-04,123.4751,122.9688,123.3778,39,1,-19.75,-0.41,stop,False
QQQ,long,2017-04-20,2017-05-17,124.1863,127.8681,123.1608,26,20,95.73,2.9647,time_stop,False
GLD,short,2017-05-05,2017-05-17,116.8016,119.8499,118.965,41,9,-124.98,-2.6098,stop,False
GLD,short,2017-05-18,2017-05-19,119.7101,119.4597,118.965,40,2,10.02,0.2092,stop,False
GLD,short,2017-05-25,2017-05-25,119.4602,119.5397,118.965,40,1,-3.18,-0.0666,stop,False
GLD,short,2017-06-01,2017-06-01,120.1099,120.7804,118.965,40,1,-26.82,-0.5582,stop,False
GLD,short,2017-06-08,2017-06-08,122.009,121.7108,118.965,39,1,11.63,0.2444,stop,False
GLD,short,2017-06-15,2017-06-15,119.1604,119.3797,118.965,40,1,-8.77,-0.184,stop,False
GLD,short,2017-06-22,2017-06-23,119.0704,119.4897,118.965,40,2,-16.77,-0.3521,stop,False
GLD,short,2017-06-29,2017-07-18,117.911,118.1691,118.965,40,13,-10.32,-0.2188,stop,False
GLD,short,2017-07-19,2017-07-21,118.1209,119.3196,118.965,40,3,-47.95,-1.0148,stop,False
GLD,short,2017-07-26,2017-07-26,118.5107,119.9399,118.965,40,1,-57.17,-1.206,stop,False
GLD,short,2017-08-02,2017-08-02,120.4497,120.4602,118.965,39,1,-0.41,-0.0087,stop,False
GLD,short,2017-08-09,2017-08-09,120.9595,121.3707,118.965,39,1,-16.04,-0.3399,stop,False
IWM,short,2017-08-11,2017-09-01,121.8098,125.7899,125.1269,39,16,-155.22,-3.2675,stop,False
XLE,short,2017-08-21,2017-09-01,21.2245,21.7066,21.561,225,10,-108.48,-2.2716,stop,False
XLE,short,2017-09-05,2017-09-05,21.7736,21.8261,21.561,216,1,-11.34,-0.2412,stop,False
XLE,short,2017-09-12,2017-09-12,22.2374,22.3314,21.561,212,1,-19.92,-0.4225,stop,False
XLE,short,2017-09-19,2017-09-19,22.8966,22.9644,21.561,175,1,-11.88,-0.2964,stop,False
XLE,short,2017-09-26,2017-09-26,23.4978,23.5698,21.561,121,1,-8.7,-0.3061,stop,False
GLD,short,2017-10-03,2017-10-11,120.6596,122.8514,122.4068,39,7,-85.48,-1.8165,stop,False
GLD,short,2017-10-12,2017-10-12,122.7786,122.9514,122.4068,38,1,-6.57,-0.1408,stop,False
GLD,short,2017-10-19,2017-10-24,122.1389,121.3907,122.4068,12,4,8.98,0.6126,partial_profit,True
XLE,short,2017-10-27,2017-10-30,23.1074,23.4141,23.3774,203,2,-62.27,-1.3275,stop,False
XLE,short,2017-11-03,2017-11-03,23.6533,23.7566,23.3774,198,1,-20.44,-0.4364,stop,False
XLE,short,2017-11-10,2017-11-10,24.1579,24.0955,23.3774,193,1,12.02,0.2579,stop,False
GLD,short,2017-10-19,2017-11-15,122.1389,121.4707,122.4068,26,20,17.37,0.5471,time_stop,False
XLE,short,2017-11-17,2017-11-22,23.2318,23.4141,23.3774,201,4,-36.65,-0.785,stop,False
XLE,short,2017-11-24,2017-11-24,23.484,23.4798,23.3774,199,1,0.83,0.0178,stop,False
XLE,short,2017-12-01,2017-12-01,24.0473,24.1025,23.3774,194,1,-10.71,-0.2295,stop,False
XLE,short,2017-12-08,2017-12-08,23.8434,23.9641,23.3774,196,1,-23.66,-0.5063,stop,False
GLD,short,2017-12-11,2017-12-21,118.3108,120.3702,120.259,39,9,-80.31,-1.7406,stop,False
GLD,short,2017-12-22,2017-12-22,120.6097,121.0005,120.259,38,1,-14.85,-0.324,stop,False
GLD,short,2017-12-29,2017-12-29,123.6381,123.7118,120.259,37,1,-2.73,-0.0596,stop,False
XLE,long,2018-01-04,2018-02-01,25.9413,26.305,25.1587,179,20,65.1,1.4019,time_stop,False
XLE,long,2018-02-02,2018-02-05,25.8473,24.1483,25.1587,180,2,-305.83,-6.5733,stop,False
IWM,short,2018-02-07,2018-02-26,134.6253,139.606,139.2184,34,13,-169.34,-3.6997,stop,False
IWM,short,2018-02-27,2018-02-27,139.6374,137.5973,139.2184,10,1,20.4,1.461,partial_profit,True
IWM,short,2018-02-27,2018-03-06,139.6374,139.9483,139.2184,22,6,-6.84,-0.2226,stop,False
IWM,short,2018-03-07,2018-03-07,138.9896,141.1823,139.2184,32,1,-70.17,-1.5776,stop,False
IWM,short,2018-03-14,2018-03-14,143.2728,142.056,139.2184,31,1,37.72,0.8493,stop,False
IWM,short,2018-03-21,2018-03-21,140.6632,141.5516,139.2184,32,1,-28.43,-0.6315,stop,False
IWM,short,2018-03-28,2018-04-12,135.9553,139.7207,139.2184,33,11,-124.26,-2.7695,stop,False
XLE,long,2018-04-12,2018-05-09,24.8565,26.6429,23.9103,183,20,326.91,7.1868,time_stop,False
XLE,long,2018-05-10,2018-06-07,26.7748,26.9932,23.9103,80,20,17.48,0.816,time_stop,False
XLE,long,2018-06-08,2018-07-06,27.0518,26.6888,23.9103,73,20,-26.5,-1.3417,time_stop,False
GLD,short,2018-06-19,2018-07-17,120.7496,116.3381,122.3353,12,20,52.94,3.6534,partial_profit,True
GLD,short,2018-06-19,2018-07-17,120.7496,116.3381,122.3353,26,20,114.7,3.6534,time_stop,False
GLD,short,2018-07-18,2018-08-14,115.972,113.1265,122.3353,36,20,102.44,2.4536,time_stop,False
GLD,short,2018-08-15,2018-09-12,112.1139,114.2271,114.7,41,20,-86.64,-1.8848,time_stop,False
GLD,short,2018-09-13,2018-09-13,114.6626,113.8169,114.7,13,1,10.99,0.7376,partial_profit,True
GLD,short,2018-09-13,2018-10-10,114.6626,112.9364,114.7,27,20,46.61,1.5055,time_stop,False
IWM,short,2018-10-08,2018-10-22,146.8204,139.027,149.9379,10,11,77.93,5.3081,partial_profit,True
IWM,short,2018-10-08,2018-11-02,146.8204,139.9083,149.9379,21,20,145.16,4.7079,time_stop,False
XLF,short,2018-10-12,2018-11-06,23.1881,23.2631,23.879,200,18,-15.0,-0.3235,stop,False
GLD,short,2018-11-13,2018-11-16,113.6631,115.6778,115.0898,41,4,-82.6,-1.7725,stop,False
XLE,short,2018-10-24,2018-11-20,24.5818,23.092,25.6344,189,20,281.56,6.0604,time_stop,False
GLD,short,2018-11-20,2018-11-20,115.882,115.7278,115.0898,40,1,6.17,0.1331,stop,False
GLD,short,2018-11-27,2018-11-28,115.4922,115.4377,115.0898,40,2,2.18,0.0472,stop,False
GLD,short,2018-12-04,2018-12-04,117.3113,117.1786,115.0898,40,1,5.31,0.1132,stop,False
IWM,short,2018-12-18,2018-12-24,125.903,114.7441,129.9802,12,5,133.91,8.8631,partial_profit,True
XLE,short,2018-12-19,2019-01-04,21.2472,21.4817,22.2076,222,11,-52.07,-1.1039,stop,False
IWM,short,2018-12-18,2019-01-07,125.903,127.2413,129.9802,25,13,-33.46,-1.063,stop,False
QQQ,short,2018-12-21,2019-01-07,145.6413,151.0187,150.6633,32,10,-172.08,-3.6922,stop,False
XLF,short,2018-12-10,2019-01-08,21.5749,21.123,22.5479,219,20,98.98,2.0949,time_stop,False
GLD,long,2019-01-03,2019-01-31,121.8409,124.6876,120.6055,39,20,111.02,2.3364,time_stop,False
GLD,long,2019-02-01,2019-02-06,124.9524,123.3783,123.5835,38,4,-59.82,-1.2598,stop,False
GLD,long,2019-02-08,2019-02-13,124.112,123.3083,123.5835,38,4,-30.54,-0.6476,stop,False
GLD,long,2019-02-15,2019-03-01,124.6523,121.8191,123.5835,37,10,-104.83,-2.2729,stop,False
GLD,long,2019-03-04,2019-03-04,121.6208,121.4992,123.5835,38,1,-4.62,-0.1,stop,False
GLD,long,2019-03-11,2019-03-11,122.5813,122.1789,123.5835,38,1,-15.29,-0.3283,stop,False
QQQ,long,2019-03-15,2019-04-03,169.465,175.7033,167.3077,9,14,56.15,3.6812,partial_profit,True
QQQ,long,2019-03-15,2019-04-11,169.465,176.8984,167.3077,18,20,133.8,4.3864,time_stop,False
QQQ,long,2019-04-12,2019-05-10,177.8601,176.8697,167.3077,22,20,-21.79,-0.5568,time_stop,False
IWM,short,2019-05-15,2019-05-16,139.1492,141.6647,141.519,34,2,-85.53,-1.8078,stop,False
IWM,short,2019-05-22,2019-05-29,139.8979,135.5777,141.519,11,5,47.52,3.0881,partial_profit,True
XLE,short,2019-05-03,2019-05-31,23.2145,21.2524,23.8838,68,20,133.42,8.4519,partial_profit,True
XLE,short,2019-05-03,2019-05-31,23.2145,21.2524,23.8838,136,20,266.84,8.4519,time_stop,False
XLF,short,2019-06-04,2019-06-04,23.1203,23.484,23.0757,208,1,-75.66,-1.5732,stop,False
XLF,short,2019-06-11,2019-06-11,23.9927,23.8945,23.0757,199,1,19.55,0.4095,stop,False
IWM,short,2019-05-22,2019-06-18,139.8979,141.256,141.519,22,19,-29.88,-0.9708,stop,False
XLF,short,2019-06-18,2019-06-18,23.4954,23.8857,23.0757,204,1,-79.62,-1.6612,stop,False
IWM,long,2019-06-20,2019-06-24,143.1271,139.3464,139.712,33,3,-124.76,-2.6415,stop,False
SPY,long,2019-06-24,2019-06-25,265.7902,262.3931,262.5423,17,2,-57.75,-1.2781,stop,False
GLD,long,2019-06-21,2019-07-19,131.8359,134.4028,127.1435,36,20,92.41,1.947,time_stop,False
SPY,long,2019-07-01,2019-07-29,268.0033,272.0491,262.5423,17,20,68.78,1.5096,time_stop,False
XLF,long,2019-07-03,2019-07-31,24.5341,24.7727,24.1547,193,20,46.04,0.9723,time_stop,False
XLF,long,2019-08-01,2019-08-05,24.7799,23.3959,24.1547,193,3,-267.11,-5.5851,stop,False
XLE,short,2019-08-05,2019-08-30,21.6109,20.9757,22.6873,221,20,140.39,2.9394,time_stop,False
IWM,short,2019-08-06,2019-09-03,136.4328,134.5148,141.6922,34,20,65.21,1.4058,time_stop,False
GLD,long,2019-08-27,2019-09-06,144.3722,141.849,143.0528,32,8,-80.74,-1.7476,stop,False
GLD,long,2019-09-09,2019-09-09,142.4412,141.3193,143.0528,33,1,-37.02,-0.7876,stop,False
IWM,long,2019-09-12,2019-10-01,144.1635,136.425,138.3331,32,14,-247.63,-5.3679,stop,False
XLF,long,2019-09-11,2019-10-02,24.5604,23.665,24.0775,193,16,-172.82,-3.6458,stop,False
IWM,long,2019-10-02,2019-10-02,135.8804,135.3951,138.3331,34,1,-16.5,-0.3571,stop,False
IWM,long,2019-10-09,2019-10-09,135.7975,135.2848,138.3331,34,1,-17.43,-0.3776,stop,False
IWM,long,2019-10-16,2019-10-21,139.1755,141.6385,138.3331,11,4,27.09,1.7697,partial_profit,True
IWM,long,2019-10-16,2019-11-12,139.1755,146.0428,138.3331,22,20,151.08,4.9343,time_stop,False
GLD,short,2019-11-11,2019-12-09,137.5412,137.6488,139.5115,33,20,-3.55,-0.0782,time_stop,False
IWM,long,2019-11-27,2019-12-26,149.4565,153.8231,146.8535,31,20,135.37,2.9217,time_stop,False
SPY,long,2019-12-18,2020-01-09,290.4043,297.599,288.0584,5,15,35.97,2.4775,partial_profit,True
XLF,long,2019-12-16,2020-01-14,27.3148,27.3201,26.7357,171,20,0.91,0.0194,time_stop,False
SPY,long,2019-12-18,2020-01-16,290.4043,301.4892,288.0584,11,20,121.93,3.817,time_stop,False
GLD,long,2020-01-03,2020-01-31,145.8229,149.2553,142.3623,32,20,109.84,2.3539,time_stop,False
XLE,short,2020-01-23,2020-02-20,21.7693,20.983,22.6911,218,20,171.41,3.6119,time_stop,False
QQQ,long,2020-02-06,2020-02-24,220.3574,213.017,216.0467,21,12,-154.15,-3.3311,stop,False
QQQ,long,2020-02-25,2020-02-25,215.0216,207.2247,216.0467,22,1,-171.53,-3.6261,stop,False
XLE,short,2020-02-26,2020-03-09,18.9535,12.9981,20.3439,57,9,339.46,31.4212,partial_profit,True
IWM,short,2020-02-27,2020-03-11,139.6756,116.2865,148.9912,8,10,187.11,16.7453,partial_profit,True
SPY,short,2020-03-02,2020-03-12,271.6883,226.2701,285.7305,5,9,227.09,16.717,partial_profit,True
XLF,short,2020-02-28,2020-03-16,23.3869,17.6375,25.605,35,12,201.23,24.5837,partial_profit,True
XLE,short,2020-02-26,2020-03-24,18.9535,10.7087,20.3439,114,20,939.91,43.5002,time_stop,False
GLD,short,2020-03-17,2020-03-24,140.1099,153.4767,148.727,28,6,-374.27,-9.5402,stop,False
IWM,short,2020-02-27,2020-03-25,139.6756,101.9818,148.9912,17,20,640.79,26.9867,time_stop,False
GLD,short,2020-03-25,2020-03-25,152.5037,151.3757,148.727,33,1,37.23,0.7397,stop,False
XLF,short,2020-02-28,2020-03-26,23.3869,19.3789,25.605,72,20,288.58,17.1378,time_stop,False
SPY,short,2020-03-02,2020-03-27,271.6883,232.4718,285.7305,12,20,470.6,14.4344,time_stop,False
GLD,short,2020-04-01,2020-04-01,148.1259,149.5247,148.727,36,1,-50.36,-0.9443,stop,False
GLD,short,2020-04-08,2020-04-08,155.832,154.7273,148.727,34,1,37.56,0.7089,stop,False
GLD,short,2020-04-15,2020-04-15,161.7191,161.9309,148.727,20,1,-4.24,-0.131,stop,False
GLD,short,2020-04-22,2020-04-22,160.4198,161.8109,148.727,22,1,-30.6,-0.8672,stop,False
GLD,short,2020-04-29,2020-04-29,160.02,161.8109,148.727,23,1,-41.19,-1.1192,stop,False
GLD,short,2020-05-06,2020-05-06,158.9105,159.0295,148.727,25,1,-2.97,-0.0749,stop,False
GLD,short,2020-05-13,2020-05-13,160.8595,161.6608,148.727,21,1,-16.83,-0.4981,stop,False
GLD,short,2020-05-20,2020-05-20,164.4577,164.7323,148.727,16,1,-4.39,-0.167,stop,False
GLD,short,2020-05-27,2020-05-27,159.3403,161.2606,148.727,24,1,-46.09,-1.2052,stop,False
GLD,short,2020-06-03,2020-06-03,160.2598,159.6798,148.727,22,1,12.76,0.3619,stop,False
XLF,long,2020-06-09,2020-06-11,23.3494,20.6638,22.2775,227,3,-609.63,-11.5018,stop,False
XLF,long,2020-06-16,2020-06-16,22.4641,21.9235,22.2775,230,1,-124.34,-2.4066,stop,False
XLF,long,2020-06-23,2020-06-23,21.6624,21.416,22.2775,238,1,-58.65,-1.1375,stop,False
XLF,long,2020-06-30,2020-06-30,20.4384,20.8046,22.2775,139,1,50.9,1.7916,stop,False
XLF,long,2020-07-07,2020-07-07,20.8974,20.6158,22.2775,185,1,-52.1,-1.3476,stop,False
GLD,long,2020-07-09,2020-07-27,170.5652,182.1389,167.1943,10,13,115.74,6.7855,partial_profit,True
GLD,long,2020-07-09,2020-08-05,170.5652,191.2543,167.1943,20,20,413.78,12.1297,time_stop,False
GLD,long,2020-08-06,2020-08-11,193.8369,179.85,184.9797,27,4,-377.64,-7.2158,stop,False
GLD,long,2020-08-13,2020-08-13,181.6508,183.2383,184.9797,28,1,44.45,0.874,stop,False
GLD,long,2020-08-20,2020-08-20,181.2806,183.4083,184.9797,28,1,59.57,1.1737,stop,False
GLD,long,2020-08-27,2020-08-27,185.0925,181.1494,184.9797,28,1,-110.41,-2.1303,stop,False
GLD,long,2020-09-03,2020-09-03,182.3912,181.0494,184.9797,28,1,-37.57,-0.7356,stop,False
IWM,short,2020-09-09,2020-09-16,140.7642,144.0594,143.4736,36,6,-118.63,-2.341,stop,False
XLE,short,2020-09-14,2020-09-16,12.9586,13.4593,13.3384,398,3,-199.29,-3.8641,stop,False
XLE,short,2020-09-21,2020-09-29,12.9906,12.1087,13.3384,130,7,114.64,6.7884,partial_profit,True
GLD,short,2020-09-25,2020-09-29,174.3228,178.2791,178.138,29,3,-114.73,-2.2695,stop,False
GLD,short,2020-10-02,2020-10-02,178.6007,178.6293,178.138,28,1,-0.8,-0.016,stop,False
XLF,short,2020-09-23,2020-10-05,21.4976,22.3517,22.0315,237,9,-202.41,-3.9727,stop,False
XLE,short,2020-09-21,2020-10-16,12.9906,12.1692,13.3384,262,20,215.2,6.323,time_stop,False
IWM,long,2020-10-07,2020-10-28,148.1298,143.055,144.099,34,16,-172.54,-3.4259,stop,False
QQQ,long,2020-10-13,2020-10-28,286.5717,262.379,270.18,15,12,-362.89,-8.4421,stop,False
QQQ,long,2020-10-29,2020-10-29,263.9565,266.9671,270.18,18,1,54.19,1.1406,stop,False
GLD,short,2020-10-30,2020-10-30,177.0914,176.2881,177.3547,9,1,7.23,0.4536,partial_profit,True
GLD,short,2020-10-30,2020-11-02,177.0914,177.999,177.3547,19,2,-17.24,-0.5125,stop,False
GLD,short,2020-11-06,2020-11-06,183.3083,183.2816,177.3547,27,1,0.72,0.0146,stop,False
GLD,short,2020-12-01,2020-12-01,169.6751,170.2651,170.0188,29,1,-17.11,-0.3477,stop,False
GLD,short,2020-12-08,2020-12-08,175.4222,175.5877,170.0188,28,1,-4.63,-0.0943,stop,False
XLF,long,2020-11-11,2020-12-09,24.7045,25.9454,22.8567,136,20,168.77,5.0231,time_stop,False
GLD,short,2020-12-15,2020-12-15,173.3433,174.027,170.0188,29,1,-19.83,-0.3944,stop,False
GLD,short,2020-12-22,2020-12-22,176.1119,174.5773,170.0188,28,1,42.97,0.8714,stop,False
GLD,short,2020-12-29,2020-12-29,176.1619,176.4382,170.0188,28,1,-7.74,-0.1568,stop,False
GLD,short,2021-01-05,2021-01-05,182.7786,182.9614,170.0188,19,1,-3.47,-0.1001,stop,False
GLD,short,2021-01-12,2021-01-12,173.0434,174.2071,170.0188,29,1,-33.74,-0.6724,stop,False
GLD,short,2021-01-19,2021-01-19,172.6237,172.6663,170.0188,29,1,-1.24,-0.0247,stop,False
GLD,short,2021-01-26,2021-01-26,173.893,173.7068,170.0188,28,1,5.21,0.1071,stop,False
GLD,short,2021-02-02,2021-02-02,172.4038,172.1961,170.0188,29,1,6.02,0.1205,stop,False
GLD,short,2021-02-09,2021-02-09,172.4837,172.166,170.0188,29,1,9.21,0.1842,stop,False
GLD,short,2021-02-16,2021-02-26,168.0559,161.8909,170.0188,9,9,55.49,3.6684,partial_profit,True
GLD,short,2021-02-16,2021-03-15,168.0559,162.2811,170.0188,20,20,115.5,3.4363,time_stop,False
XLE,long,2021-03-08,2021-03-18,21.8413,20.2076,20.4837,187,9,-305.5,-7.4799,stop,False
XLE,long,2021-03-19,2021-03-19,20.2197,20.2117,20.4837,248,1,-1.98,-0.0394,stop,False
XLE,long,2021-03-26,2021-03-30,20.6819,20.3725,20.4837,242,3,-74.86,-1.4958,stop,False
XLE,long,2021-04-05,2021-04-05,20.7273,20.2529,20.4837,241,1,-114.32,-2.2886,stop,False
XLE,long,2021-04-12,2021-04-12,20.0668,19.7168,20.4837,247,1,-86.44,-1.7441,stop,False
XLE,long,2021-04-19,2021-04-19,20.0214,19.9395,20.4837,247,1,-20.22,-0.4089,stop,False
XLE,long,2021-04-26,2021-04-26,19.5508,19.7374,20.4837,253,1,47.22,0.9547,stop,False
XLE,long,2021-05-03,2021-05-05,20.6241,21.618,20.4837,80,3,79.51,4.8191,partial_profit,True
QQQ,short,2021-05-13,2021-05-20,309.9642,318.9156,318.179,16,6,-143.22,-2.8879,stop,False
QQQ,short,2021-05-21,2021-05-24,320.1471,322.4847,318.179,15,2,-35.06,-0.7302,stop,False
XLE,long,2021-05-03,2021-05-28,20.6241,21.5314,20.4837,160,20,145.17,4.3992,time_stop,False
QQQ,short,2021-05-28,2021-05-28,323.7223,323.8619,318.179,15,1,-2.09,-0.0431,stop,False
QQQ,short,2021-06-04,2021-06-04,321.5229,325.4815,318.179,15,1,-59.38,-1.2312,stop,False
QQQ,short,2021-06-11,2021-06-11,329.768,330.9514,318.179,15,1,-17.75,-0.3589,stop,False
GLD,short,2021-06-18,2021-07-16,166.0569,169.4947,173.9327,29,20,-99.7,-2.0702,time_stop,False
GLD,short,2021-07-19,2021-08-13,169.4252,166.4732,173.9327,29,20,85.61,1.7424,time_stop,False
XLE,short,2021-07-20,2021-08-16,19.5725,20.2302,21.0757,165,20,-108.51,-3.36,time_stop,False
IWM,long,2021-08-31,2021-09-10,211.7548,208.1433,209.967,23,8,-83.07,-1.7055,stop,False
IWM,long,2021-09-13,2021-09-13,209.8463,209.3267,209.967,23,1,-11.95,-0.2476,stop,False
XLE,short,2021-08-17,2021-09-14,20.0141,20.2051,21.0757,234,20,-44.7,-0.9544,time_stop,False
GLD,short,2021-09-20,2021-10-13,164.2078,167.6738,166.996,29,18,-100.51,-2.1107,stop,False
GLD,short,2021-10-14,2021-10-14,168.1059,168.084,166.996,29,1,0.64,0.013,stop,False
GLD,short,2021-10-21,2021-10-22,166.6166,167.8539,166.996,29,2,-35.88,-0.7426,stop,False
GLD,short,2021-10-28,2021-10-28,168.8955,168.164,166.996,28,1,20.48,0.4331,stop,False
GLD,short,2021-11-04,2021-11-04,167.4262,167.7338,166.996,29,1,-8.92,-0.1837,stop,False
IWM,long,2021-11-09,2021-11-10,228.2006,223.5921,225.5437,21,2,-96.78,-2.0195,stop,False
IWM,long,2021-11-16,2021-11-16,224.2024,225.1371,225.5437,21,1,19.63,0.4169,stop,False
XLE,short,2021-11-23,2021-11-23,23.7699,24.2073,23.9642,204,1,-89.24,-1.8403,stop,False
XLE,short,2021-11-30,2021-12-07,23.1289,24.1735,23.9642,209,6,-218.32,-4.5165,stop,False
XLE,short,2021-12-08,2021-12-08,24.2843,24.1693,23.9642,197,1,22.65,0.4735,stop,False
XLE,short,2021-12-15,2021-12-27,23.3355,23.9863,23.9642,205,8,-133.4,-2.7887,stop,False
XLE,short,2021-12-28,2021-12-29,24.0221,23.8153,23.9642,66,2,13.65,0.8611,partial_profit,True
XLE,short,2021-12-28,2022-01-03,24.0221,24.4651,23.9642,132,5,-58.48,-1.8443,stop,False
XLE,short,2022-01-04,2022-01-04,24.7739,25.3117,23.9642,192,1,-103.27,-2.1711,stop,False
XLE,short,2022-01-11,2022-01-11,26.3457,27.0348,23.9642,99,1,-68.22,-2.6155,stop,False
XLE,short,2022-01-18,2022-01-18,27.8492,27.6932,23.9642,60,1,9.36,0.5601,stop,False
XLF,short,2022-01-25,2022-01-28,35.0349,35.8477,35.7574,135,4,-109.72,-2.3198,stop,False
XLF,short,2022-02-01,2022-02-01,36.1725,36.6624,35.7574,130,1,-63.68,-1.3542,stop,False
XLF,short,2022-02-08,2022-02-08,37.4582,37.7549,35.7574,125,1,-37.09,-0.7921,stop,False
IWM,short,2022-01-20,2022-02-09,194.063,195.4205,199.399,24,15,-32.58,-0.6995,stop,False
XLF,short,2022-02-15,2022-02-15,37.1252,37.2179,35.7574,126,1,-11.68,-0.2497,stop,False
QQQ,short,2022-01-24,2022-02-18,336.3352,332.3892,359.9862,10,20,39.46,1.1732,time_stop,False
XLF,short,2022-02-22,2022-02-22,36.1078,36.1254,35.7574,129,1,-2.27,-0.0488,stop,False
XLF,short,2022-03-01,2022-03-07,35.2847,33.2091,35.7574,44,5,91.33,5.8824,partial_profit,True
XLF,short,2022-03-01,2022-03-16,35.2847,35.5792,35.7574,88,12,-25.92,-0.8347,stop,False
XLE,long,2022-03-02,2022-03-29,30.947,33.0315,29.6787,151,20,314.77,6.7359,time_stop,False
XLE,long,2022-03-30,2022-04-27,33.384,32.2812,29.6787,64,20,-70.58,-3.3034,time_stop,False
XLF,short,2022-05-03,2022-05-04,32.2751,33.497,32.9663,147,2,-179.63,-3.7861,stop,False
IWM,short,2022-04-26,2022-05-09,182.0798,165.753,187.5838,8,10,130.61,8.9668,partial_profit,True
QQQ,short,2022-04-25,2022-05-20,315.1582,281.3175,330.9623,15,20,507.61,10.7377,time_stop,False
IWM,short,2022-04-26,2022-05-23,182.0798,168.8899,187.5838,18,20,237.42,7.244,time_stop,False
GLD,short,2022-05-04,2022-06-01,174.2328,172.3161,176.5243,27,20,51.75,1.1001,time_stop,False
GLD,short,2022-06-02,2022-06-30,173.5732,168.5442,176.5243,28,20,140.81,2.8973,time_stop,False
XLF,short,2022-06-15,2022-07-14,29.3595,28.7233,30.3373,167,20,106.25,2.1671,time_stop,False
XLE,short,2022-06-21,2022-07-19,32.5342,31.5672,35.0712,97,20,93.8,2.9723,time_stop,False
GLD,short,2022-07-07,2022-08-03,162.3488,164.5322,168.0063,30,20,-65.5,-1.3449,time_stop,False
GLD,short,2022-08-04,2022-08-31,165.4472,159.3496,168.0063,29,20,176.83,3.6855,time_stop,False
XLF,short,2022-09-02,2022-09-02,31.299,30.7323,31.1881,53,1,30.03,1.8106,partial_profit,True
XLF,short,2022-09-02,2022-09-07,31.299,31.2649,31.1881,106,3,3.61,0.1089,stop,False
XLF,short,2022-09-09,2022-09-09,31.9244,32.1058,31.1881,156,1,-28.31,-0.5684,stop,False
SPY,short,2022-08-31,2022-09-12,378.9118,389.7612,386.9902,13,8,-141.04,-2.8633,stop,False
XLF,short,2022-09-16,2022-09-19,30.8322,31.2415,31.1881,161,2,-65.89,-1.3273,stop,False
QQQ,short,2022-08-30,2022-09-21,298.5678,277.3568,305.5855,5,16,106.06,7.1043,partial_profit,True
SPY,short,2022-09-20,2022-09-23,366.3219,350.3948,371.7895,4,4,63.71,4.3478,partial_profit,True
QQQ,short,2022-08-30,2022-09-27,298.5678,268.4754,305.5855,11,20,331.02,10.0789,time_stop,False
GLD,short,2022-09-19,2022-10-03,154.7926,158.5092,158.1463,32,11,-118.93,-2.4011,stop,False
XLE,short,2022-09-27,2022-10-04,30.8303,35.0178,33.7751,85,6,-355.93,-13.5822,stop,False
XLE,short,2022-10-05,2022-10-05,34.9696,35.7414,33.7751,141,1,-108.83,-2.2073,stop,False
XLE,short,2022-10-12,2022-10-12,34.8065,35.3531,33.7751,141,1,-77.08,-1.5706,stop,False
SPY,short,2022-09-20,2022-10-17,366.3219,349.3187,371.7895,9,20,153.03,4.6416,time_stop,False
XLE,short,2022-10-19,2022-10-19,36.2479,37.2461,33.7751,99,1,-98.82,-2.7538,stop,False
XLF,short,2022-09-26,2022-10-21,28.9206,30.2364,30.4703,162,20,-213.16,-4.5496,time_stop,False
XLE,short,2022-10-26,2022-10-26,38.6856,39.1038,33.7751,49,1,-20.49,-1.081,stop,False
XLE,short,2022-11-02,2022-11-02,39.9287,39.1303,33.7751,39,1,31.14,1.9996,stop,False
XLE,short,2022-11-09,2022-11-09,40.4753,39.0641,33.7751,36,1,50.8,3.4866,stop,False
SPY,long,2022-12-02,2022-12-06,383.0583,374.6651,380.3281,12,3,-100.72,-2.1911,stop,False
SPY,long,2022-12-09,2022-12-09,376.0971,374.1419,380.3281,12,1,-23.46,-0.5198,stop,False
XLF,long,2022-11-14,2022-12-12,33.5991,32.8336,32.1607,146,20,-111.76,-2.2784,time_stop,False
SPY,long,2022-12-16,2022-12-16,368.4871,366.2934,380.3281,13,1,-28.52,-0.5953,stop,False
IWM,short,2022-12-20,2023-01-06,164.5563,170.3917,169.6007,29,12,-169.23,-3.5462,stop,False
GLD,long,2023-01-05,2023-01-09,170.9054,174.013,169.6408,9,3,27.97,1.8183,partial_profit,True
XLF,long,2023-01-13,2023-01-13,33.4506,34.1065,33.4633,48,1,31.48,1.9607,partial_profit,True
XLF,long,2023-01-13,2023-01-18,33.4506,33.2472,33.4633,96,3,-19.53,-0.6081,stop,False
XLF,long,2023-01-20,2023-01-20,32.9875,33.3794,33.4633,146,1,57.22,1.1882,stop,False
GLD,long,2023-01-05,2023-02-02,170.9054,177.811,169.6408,19,20,131.21,4.0406,time_stop,False
IWM,long,2023-02-02,2023-02-21,188.0757,179.6632,180.8652,25,13,-210.31,-4.4729,stop,False
QQQ,long,2023-02-03,2023-02-21,298.9831,287.9982,289.1668,16,12,-175.76,-3.6741,stop,False
QQQ,long,2023-02-22,2023-02-22,288.8646,288.2135,289.1668,16,1,-10.42,-0.2254,stop,False
XLF,long,2023-01-27,2023-02-24,34.2162,33.6722,33.4633,141,20,-76.72,-1.5901,time_stop,False
QQQ,long,2023-03-01,2023-03-01,287.5313,285.2262,289.1668,16,1,-36.88,-0.8017,stop,False
QQQ,long,2023-03-08,2023-03-09,290.9727,286.6562,289.1668,16,2,-69.06,-1.4835,stop,False
XLE,short,2023-03-14,2023-04-03,36.0467,38.9999,37.3467,131,15,-386.87,-8.1927,stop,False
IWM,short,2023-03-13,2023-04-10,165.3711,169.2581,179.2377,17,20,-66.08,-2.3504,time_stop,False
GLD,long,2023-03-17,2023-04-14,181.1105,186.2668,177.0905,26,20,134.06,2.847,time_stop,False
GLD,long,2023-04-17,2023-05-12,185.9829,186.7166,177.0905,25,20,18.34,0.3945,time_stop,False
GLD,long,2023-05-15,2023-06-12,187.3937,181.7891,177.0905,22,20,-123.3,-2.9908,time_stop,False
IWM,long,2023-06-08,2023-07-07,180.3498,178.2014,173.6365,26,20,-55.86,-1.1912,time_stop,False
QQQ,long,2023-06-15,2023-07-14,358.0409,372.3785,351.3505,13,20,186.39,4.0044,time_stop,False
IWM,long,2023-07-13,2023-08-09,185.9124,184.8197,181.222,25,20,-27.32,-0.5877,time_stop,False
IWM,long,2023-08-10,2023-08-16,185.6516,179.2916,181.222,25,5,-159.0,-3.4258,stop,False
XLE,long,2023-08-11,2023-08-16,40.2159,39.4494,39.7201,116,4,-88.92,-1.906,stop,False
QQQ,short,2023-08-18,2023-08-23,348.9888,362.957,361.0781,13,4,-181.59,-4.0025,stop,False
GLD,short,2023-08-16,2023-08-29,176.5317,179.9599,178.1465,26,10,-89.13,-1.942,stop,False
IWM,short,2023-08-21,2023-08-29,178.1918,181.7791,180.745,25,7,-89.68,-2.0132,stop,False
IWM,short,2023-08-30,2023-08-30,181.115,182.4647,180.745,25,1,-33.74,-0.7452,stop,False
IWM,short,2023-09-06,2023-09-06,180.4686,179.7511,180.745,8,1,5.74,0.3976,partial_profit,True
XLF,short,2023-08-17,2023-09-14,32.6662,33.4049,33.2049,141,20,-104.16,-2.2615,stop,False
IWM,short,2023-09-06,2023-10-03,180.4686,166.0505,180.745,17,20,245.11,7.9893,time_stop,False
XLF,short,2023-09-28,2023-10-10,31.8547,31.9153,32.2476,142,9,-8.61,-0.1903,stop,False
IWM,short,2023-10-05,2023-10-10,165.555,170.7368,169.1406,27,4,-139.91,-3.13,stop,False
SPY,short,2023-09-25,2023-10-11,414.7128,422.0437,421.0762,10,13,-73.31,-1.7677,stop,False
IWM,short,2023-10-12,2023-10-12,170.4789,166.5938,169.1406,8,1,31.08,2.279,partial_profit,True
GLD,short,2023-09-29,2023-10-13,173.833,178.9194,176.794,26,11,-132.25,-2.926,stop,False
XLE,short,2023-10-04,2023-10-16,39.8823,41.2863,41.1049,114,9,-160.06,-3.5205,stop,False
IWM,short,2023-10-12,2023-10-17,170.4789,169.7472,169.1406,18,4,13.17,0.4292,stop,False
XLF,short,2023-10-24,2023-10-31,30.7824,31.0144,31.1005,145,6,-33.65,-0.7539,stop,False
SPY,short,2023-10-27,2023-11-01,400.2373,408.8307,406.7829,11,4,-94.53,-2.1471,stop,False
IWM,short,2023-10-19,2023-11-03,165.6131,169.3009,169.1406,27,12,-99.57,-2.2267,stop,False
SPY,short,2023-11-03,2023-11-03,418.549,420.4671,406.7829,10,1,-19.18,-0.4583,stop,False
SPY,short,2023-11-10,2023-11-10,421.2933,426.1933,406.7829,10,1,-49.0,-1.1631,stop,False
SPY,short,2023-11-17,2023-11-17,435.073,436.0403,406.7829,7,1,-6.77,-0.2223,stop,False
SPY,short,2023-11-24,2023-11-24,439.7402,440.4026,406.7829,6,1,-3.97,-0.1506,stop,False
GLD,long,2023-11-29,2023-12-11,189.2546,183.4982,185.4895,23,9,-132.4,-3.0416,stop,False
XLF,long,2023-12-04,2023-12-13,34.4647,35.6175,34.0504,42,8,48.42,3.3449,partial_profit,True
IWM,long,2023-12-05,2023-12-22,180.5171,196.0088,174.6911,8,14,123.93,8.5819,partial_profit,True
XLF,long,2023-12-04,2024-01-02,34.4647,36.3327,34.0504,86,20,160.65,5.42,time_stop,False
IWM,long,2023-12-05,2024-01-03,180.5171,188.9265,174.6911,16,20,134.55,4.6585,time_stop,False
QQQ,long,2023-12-14,2024-01-12,398.8056,403.9297,387.4426,11,20,56.37,1.2849,time_stop,False
GLD,short,2024-01-19,2024-01-19,188.1659,188.024,187.446,23,1,3.26,0.0754,stop,False
QQQ,long,2024-01-16,2024-02-12,403.0998,429.3554,387.4426,11,20,288.81,6.5134,time_stop,False
XLF,long,2024-01-26,2024-02-15,37.0336,38.2667,36.6883,40,15,49.32,3.3297,partial_profit,True
GLD,short,2024-02-15,2024-02-16,185.5072,186.4332,186.2227,24,2,-22.22,-0.4992,stop,False
GLD,short,2024-02-22,2024-02-22,187.4662,187.6538,186.2227,24,1,-4.5,-0.1001,stop,False
XLF,long,2024-01-26,2024-02-23,37.0336,38.7767,36.6883,81,20,141.19,4.7067,time_stop,False
GLD,short,2024-02-29,2024-02-29,189.5452,189.4047,186.2227,24,1,3.37,0.0741,stop,False
GLD,short,2024-03-07,2024-03-07,199.4402,200.04,186.2227,17,1,-10.2,-0.3007,stop,False
GLD,short,2024-03-14,2024-03-14,200.2698,200.4502,186.2227,16,1,-2.89,-0.0901,stop,False
GLD,short,2024-03-21,2024-03-21,203.7781,202.071,186.2227,13,1,22.19,0.8377,stop,False
GLD,short,2024-03-28,2024-03-28,204.4377,205.8229,186.2227,12,1,-16.62,-0.6775,stop,False
GLD,short,2024-04-04,2024-04-04,211.894,211.6258,186.2227,8,1,2.15,0.1266,stop,False
GLD,short,2024-04-11,2024-04-11,216.7416,219.9099,186.2227,7,1,-22.18,-1.4618,stop,False
XLF,short,2024-04-17,2024-04-19,38.4108,39.039,38.8129,119,3,-74.75,-1.6354,stop,False
QQQ,short,2024-04-19,2024-04-29,416.9663,427.7929,427.5505,11,7,-119.09,-2.5965,stop,False
QQQ,short,2024-04-30,2024-04-30,425.7852,419.7263,427.5505,3,1,18.18,1.423,partial_profit,True
QQQ,short,2024-04-30,2024-05-03,425.7852,430.4916,427.5505,7,4,-32.94,-1.1053,stop,False
QQQ,short,2024-05-07,2024-05-07,435.2164,435.2762,427.5505,10,1,-0.6,-0.0137,stop,False
QQQ,short,2024-05-14,2024-05-14,437.1421,440.8219,427.5505,10,1,-36.8,-0.8418,stop,False
GLD,long,2024-05-21,2024-05-22,224.8824,219.9999,221.0818,20,2,-97.65,-2.1711,stop,False
GLD,long,2024-05-28,2024-05-28,218.5392,218.0809,221.0818,20,1,-9.17,-0.2097,stop,False
GLD,long,2024-06-04,2024-06-04,216.3481,215.1624,221.0818,20,1,-23.72,-0.5481,stop,False
GLD,long,2024-06-11,2024-06-11,214.057,214.0429,221.0818,21,1,-0.3,-0.0066,stop,False
GLD,long,2024-06-18,2024-06-18,214.4872,215.3623,221.0818,21,1,18.38,0.408,stop,False
GLD,long,2024-06-25,2024-06-25,215.0675,214.4527,221.0818,21,1,-12.91,-0.2858,stop,False
GLD,long,2024-07-02,2024-07-02,215.4377,215.4522,221.0818,20,1,0.29,0.0068,stop,False
GLD,long,2024-07-09,2024-07-09,218.6793,218.4507,221.0818,20,1,-4.57,-0.1045,stop,False
GLD,long,2024-07-18,2024-07-19,227.8239,221.6191,224.2982,19,2,-117.89,-2.7235,stop,False
GLD,long,2024-07-25,2024-07-25,219.1295,218.2208,224.2982,20,1,-18.17,-0.4147,stop,False
IWM,long,2024-07-16,2024-08-02,214.5416,204.3317,205.2913,21,14,-214.41,-4.759,stop,False
XLF,long,2024-07-15,2024-08-05,41.2804,39.6004,40.5486,109,16,-183.12,-4.0696,stop,False
GLD,long,2024-08-01,2024-08-05,226.8534,222.3688,224.2982,19,3,-85.21,-1.9769,stop,False
GLD,long,2024-08-08,2024-08-08,222.8414,223.898,224.2982,19,1,20.08,0.4742,stop,False
GLD,long,2024-08-15,2024-08-20,226.6232,232.3438,224.2982,6,4,34.32,2.5242,partial_profit,True
GLD,long,2024-08-15,2024-09-12,226.6232,236.2118,224.2982,13,20,124.65,4.2311,time_stop,False
XLE,short,2024-09-12,2024-09-16,39.7297,40.6571,40.5862,110,3,-102.01,-2.3342,stop,False
GLD,long,2024-09-16,2024-10-11,238.8494,245.3473,232.7172,18,20,116.96,2.7205,time_stop,False
SPY,long,2024-09-23,2024-10-18,558.1584,572.536,551.9912,7,20,100.64,2.5759,time_stop,False
SPY,long,2024-10-21,2024-11-15,572.3834,573.6721,551.9912,7,20,9.02,0.2252,time_stop,False
GLD,short,2024-11-13,2024-11-21,241.1893,246.7833,245.7717,18,7,-100.69,-2.3193,stop,False
GLD,short,2024-11-22,2024-11-22,248.0759,249.9649,245.7717,17,1,-32.11,-0.7615,stop,False
GLD,short,2024-11-29,2024-12-02,245.1274,243.5617,245.7717,6,2,9.39,0.6387,partial_profit,True
XLF,long,2024-11-08,2024-12-06,47.8302,49.0475,46.2217,93,20,113.21,2.5451,time_stop,False
GLD,short,2024-11-29,2024-12-09,245.1274,245.4827,245.7717,12,7,-4.26,-0.1449,stop,False
GLD,short,2024-12-10,2024-12-10,247.7361,248.7143,245.7717,17,1,-16.63,-0.3949,stop,False
GLD,short,2024-12-17,2025-01-02,243.6781,245.5427,245.7717,18,11,-33.56,-0.7652,stop,False
XLE,short,2024-12-18,2025-01-13,40.8572,43.0939,42.4315,108,16,-241.56,-5.4743,stop,False
XLF,short,2024-12-19,2025-01-15,46.8773,48.4059,48.2802,94,17,-143.69,-3.2608,stop,False
IWM,short,2025-01-14,2025-01-15,215.7364,220.7407,216.8235,20,2,-100.09,-2.3196,stop,False
XLE,long,2025-01-22,2025-01-22,44.4977,43.7807,44.2012,97,1,-69.56,-1.6115,stop,False
XLE,long,2025-01-29,2025-01-29,42.6307,42.7885,44.2012,101,1,15.93,0.37,stop,False
GLD,long,2025-01-21,2025-02-05,252.076,263.9979,247.903,5,12,59.61,4.7295,partial_profit,True
XLE,long,2025-02-05,2025-02-05,42.9793,43.0413,44.2012,100,1,6.2,0.1442,stop,False
XLE,long,2025-02-12,2025-02-12,43.2085,42.4736,44.2012,100,1,-73.49,-1.7007,stop,False
GLD,long,2025-01-21,2025-02-18,252.076,270.5647,247.903,12,20,221.86,7.3346,time_stop,False
XLE,long,2025-02-19,2025-02-19,43.7767,43.8951,44.2012,100,1,11.84,0.2705,stop,False
XLE,long,2025-02-26,2025-02-26,42.8552,42.5166,44.2012,102,1,-34.54,-0.7901,stop,False
XLE,long,2025-03-05,2025-03-05,40.9261,40.8804,44.2012,66,1,-3.01,-0.1116,stop,False
XLF,short,2025-03-12,2025-03-17,47.0284,48.0244,47.6271,92,4,-91.63,-2.1179,stop,False
XLF,short,2025-03-19,2025-03-19,47.9471,48.494,47.6271,90,1,-49.22,-1.1406,stop,False
XLF,short,2025-03-26,2025-03-26,49.6121,49.3672,47.6271,87,1,21.31,0.4937,stop,False
XLF,short,2025-04-02,2025-04-02,48.4057,49.2494,47.6271,89,1,-75.09,-1.743,stop,False
IWM,short,2025-04-07,2025-05-02,171.9663,197.9709,195.5574,9,19,-234.04,-15.1219,stop,False
XLE,short,2025-04-08,2025-05-06,38.7763,38.7477,41.8074,71,20,2.03,0.0737,time_stop,False
GLD,long,2025-04-21,2025-05-14,315.1775,293.0134,296.8027,11,18,-243.8,-7.0323,stop,False
QQQ,long,2025-05-14,2025-05-30,513.973,515.7843,484.3109,7,12,12.68,0.3524,end_of_backtest,False
