date,equity
2015-01-02,25000.0
2015-01-05,25000.0
2015-01-06,25000.0
2015-01-07,25000.0
2015-01-08,25000.0
2015-01-09,25000.0
2015-01-12,25000.0
2015-01-13,25000.0
2015-01-14,25000.0
2015-01-15,25000.0
2015-01-16,25000.0
2015-01-20,25000.0
2015-01-21,25000.0
2015-01-22,25000.0
2015-01-23,25000.0
2015-01-26,25000.0
2015-01-27,25000.0
2015-01-28,25000.0
2015-01-29,25000.0
2015-01-30,25000.0
2015-02-02,25000.0
2015-02-03,25000.0
2015-02-04,25000.0
2015-02-05,25000.0
2015-02-06,25000.0
2015-02-09,25000.0
2015-02-10,25000.0
2015-02-11,25000.0
2015-02-12,25000.0
2015-02-13,25000.0
2015-02-17,25000.0
2015-02-18,25000.0
2015-02-19,25000.0
2015-02-20,25000.0
2015-02-23,25000.0
2015-02-24,25000.0
2015-02-25,25000.0
2015-02-26,25000.0
2015-02-27,25000.0
2015-03-02,25000.0
2015-03-03,25000.0
2015-03-04,25000.0
2015-03-05,25000.0
2015-03-06,25000.0
2015-03-09,25000.0
2015-03-10,25000.0
2015-03-11,25000.0
2015-03-12,25000.0
2015-03-13,25000.0
2015-03-16,25000.0
2015-03-17,25000.0
2015-03-18,25000.0
2015-03-19,25000.0
2015-03-20,25000.0
2015-03-23,25000.0
2015-03-24,25000.0
2015-03-25,25000.0
2015-03-26,25000.0
2015-03-27,25000.0
2015-03-30,25000.0
2015-03-31,25000.0
2015-04-01,25000.0
2015-04-02,25000.0
2015-04-06,25000.0
2015-04-07,25000.0
2015-04-08,25000.0
2015-04-09,25000.0
2015-04-10,25000.0
2015-04-13,25000.0
2015-04-14,25000.0
2015-04-15,25000.0
2015-04-16,25000.0
2015-04-17,25000.0
2015-04-20,25000.0
2015-04-21,25000.0
2015-04-22,25000.0
2015-04-23,25000.0
2015-04-24,25000.0
2015-04-27,25000.0
2015-04-28,25000.0
2015-04-29,25000.0
2015-04-30,25000.0
2015-05-01,25000.0
2015-05-04,25000.0
2015-05-05,25000.0
2015-05-06,25000.0
2015-05-07,25000.0
2015-05-08,25000.0
2015-05-11,25000.0
2015-05-12,25000.0
2015-05-13,25000.0
2015-05-14,25000.0
2015-05-15,25000.0
2015-05-18,25000.0
2015-05-19,25000.0
2015-05-20,25000.0
2015-05-21,25000.0
2015-05-22,25000.0
2015-05-26,25000.0
2015-05-27,25000.0
2015-05-28,25000.0
2015-05-29,25000.0
2015-06-01,25000.0
2015-06-02,25000.0
2015-06-03,25000.0
2015-06-04,25000.0
2015-06-05,25000.0
2015-06-08,25000.0
2015-06-09,25000.0
2015-06-10,25000.0
2015-06-11,25000.0
2015-06-12,25000.0
2015-06-15,25000.0
2015-06-16,25000.0
2015-06-17,25000.0
2015-06-18,25000.0
2015-06-19,25000.0
2015-06-22,25000.0
2015-06-23,25000.0
2015-06-24,25000.0
2015-06-25,25000.0
2015-06-26,25000.0
2015-06-29,25000.0
2015-06-30,25000.0
2015-07-01,25000.0
2015-07-02,25000.0
2015-07-06,25000.0
2015-07-07,25000.0
2015-07-08,25000.0
2015-07-09,25000.0
2015-07-10,25000.0
2015-07-13,25000.0
2015-07-14,25000.0
2015-07-15,25000.0
2015-07-16,25000.0
2015-07-17,25000.0
2015-07-20,25000.0
2015-07-21,25000.0
2015-07-22,25000.0
2015-07-23,25000.0
2015-07-24,25000.0
2015-07-27,25000.0
2015-07-28,25000.0
2015-07-29,25000.0
2015-07-30,25000.0
2015-07-31,25000.0
2015-08-03,25000.0
2015-08-04,25000.0
2015-08-05,25000.0
2015-08-06,25000.0
2015-08-07,25000.0
2015-08-10,25000.0
2015-08-11,25000.0
2015-08-12,25000.0
2015-08-13,25000.0
2015-08-14,25000.0
2015-08-17,25000.0
2015-08-18,25000.0
2015-08-19,25000.0
2015-08-20,25000.0
2015-08-21,25000.0
2015-08-24,25000.0
2015-08-25,25000.0
2015-08-26,25000.0
2015-08-27,25000.0
2015-08-28,25000.0
2015-08-31,25000.0
2015-09-01,25000.0
2015-09-02,25000.0
2015-09-03,25000.0
2015-09-04,25000.0
2015-09-08,25000.0
2015-09-09,25000.0
2015-09-10,25000.0
2015-09-11,25000.0
2015-09-14,25000.0
2015-09-15,25000.0
2015-09-16,25000.0
2015-09-17,25000.0
2015-09-18,25000.0
2015-09-21,25000.0
2015-09-22,25000.0
2015-09-23,25000.0
2015-09-24,25000.0
2015-09-25,25000.0
2015-09-28,25000.0
2015-09-29,25000.0
2015-09-30,25000.0
2015-10-01,25000.0
2015-10-02,25000.0
2015-10-05,25000.0
2015-10-06,25000.0
2015-10-07,25000.0
2015-10-08,25000.0
2015-10-09,25000.0
2015-10-12,25000.0
2015-10-13,25000.0
2015-10-14,25000.0
2015-10-15,25000.0
2015-10-16,25000.0
2015-10-19,25000.0
2015-10-20,25000.0
2015-10-21,25000.0
2015-10-22,25000.0
2015-10-23,25000.0
2015-10-26,25000.0
2015-10-27,25000.0
2015-10-28,25000.0
2015-10-29,25000.0
2015-10-30,25000.0
2015-11-02,25000.0
2015-11-03,25000.0
2015-11-04,25000.0
2015-11-05,25000.0
2015-11-06,25000.0
2015-11-09,25000.0
2015-11-10,25000.0
2015-11-11,25000.0
2015-11-12,25000.0
2015-11-13,25000.0
2015-11-16,25000.0
2015-11-17,25000.0
2015-11-18,25000.0
2015-11-19,25000.0
2015-11-20,25000.0
2015-11-23,25000.0
2015-11-24,25000.0
2015-11-25,25000.0
2015-11-27,25000.0
2015-11-30,25000.0
2015-12-01,25000.0
2015-12-02,25024.14
2015-12-03,25024.14
2015-12-04,24965.8
2015-12-07,24965.8
2015-12-08,24965.8
2015-12-09,24965.8
2015-12-10,24965.8
2015-12-11,24965.8
2015-12-14,24965.8
2015-12-15,24895.7
2015-12-16,24895.7
2015-12-17,24895.7
2015-12-18,24895.7
2015-12-21,24895.7
2015-12-22,24895.7
2015-12-23,24815.12
2015-12-24,24815.12
2015-12-28,24815.12
2015-12-29,24799.94
2015-12-30,24799.94
2015-12-31,24799.94
2016-01-04,24799.94
2016-01-05,24954.99
2016-01-06,24954.99
2016-01-07,24954.99
2016-01-08,25045.35
2016-01-11,25045.35
2016-01-12,25045.35
2016-01-13,25045.35
2016-01-14,25045.35
2016-01-15,25045.35
2016-01-19,25045.35
2016-01-20,25045.35
2016-01-21,25045.35
2016-01-22,25045.35
2016-01-25,25045.35
2016-01-26,25045.35
2016-01-27,25045.35
2016-01-28,25045.35
2016-01-29,25045.35
2016-02-01,25045.35
2016-02-02,25377.94
2016-02-03,25377.94
2016-02-04,25377.94
2016-02-05,25736.24
2016-02-08,25736.24
2016-02-09,25736.24
2016-02-10,25736.24
2016-02-11,25808.35
2016-02-12,25808.35
2016-02-16,25759.77
2016-02-17,25735.04
2016-02-18,25735.04
2016-02-19,25735.04
2016-02-22,25735.04
2016-02-23,25735.04
2016-02-24,25667.53
2016-02-25,25667.53
2016-02-26,25667.53
2016-02-29,25667.53
2016-03-01,25667.53
2016-03-02,25610.76
2016-03-03,25610.76
2016-03-04,25610.76
2016-03-07,25380.14
2016-03-08,25380.14
2016-03-09,25385.76
2016-03-10,25385.76
2016-03-11,25385.76
2016-03-14,25385.76
2016-03-15,25385.76
2016-03-16,25370.83
2016-03-17,25370.83
2016-03-18,25370.83
2016-03-21,25370.83
2016-03-22,25370.83
2016-03-23,25384.83
2016-03-24,25384.83
2016-03-28,25384.83
2016-03-29,25384.83
2016-03-30,25380.5
2016-03-31,25380.5
2016-04-01,25380.5
2016-04-04,25380.5
2016-04-05,25380.5
2016-04-06,25351.49
2016-04-07,25351.49
2016-04-08,25351.49
2016-04-11,25351.49
2016-04-12,25351.49
2016-04-13,25313.47
2016-04-14,25313.47
2016-04-15,25313.47
2016-04-18,25313.47
2016-04-19,25313.47
2016-04-20,25313.47
2016-04-21,25313.47
2016-04-22,25313.47
2016-04-25,25313.47
2016-04-26,25313.47
2016-04-27,25313.47
2016-04-28,25313.47
2016-04-29,25313.47
2016-05-02,25313.47
2016-05-03,25313.47
2016-05-04,25313.47
2016-05-05,25235.11
2016-05-06,25235.11
2016-05-09,25235.11
2016-05-10,25235.11
2016-05-11,25235.11
2016-05-12,25235.11
2016-05-13,25090.45
2016-05-16,25090.45
2016-05-17,25152.45
2016-05-18,25152.45
2016-05-19,25152.45
2016-05-20,24984.78
2016-05-23,25001.19
2016-05-24,25001.19
2016-05-25,25001.19
2016-05-26,25001.19
2016-05-27,25001.19
2016-05-31,25001.19
2016-06-01,25001.19
2016-06-02,25013.24
2016-06-03,25013.24
2016-06-06,25013.24
2016-06-07,25013.24
2016-06-08,25013.24
2016-06-09,25013.24
2016-06-10,25013.24
2016-06-13,24794.06
2016-06-14,24794.06
2016-06-15,24703.71
2016-06-16,24703.71
2016-06-17,24703.71
2016-06-20,24703.71
2016-06-21,24703.71
2016-06-22,24703.71
2016-06-23,24703.71
2016-06-24,24570.06
2016-06-27,24570.06
2016-06-28,24570.06
2016-06-29,24416.7
2016-06-30,24416.7
2016-07-01,24416.7
2016-07-05,24416.7
2016-07-06,24424.83
2016-07-07,24424.83
2016-07-08,24424.83
2016-07-11,24424.83
2016-07-12,24424.83
2016-07-13,24424.83
2016-07-14,24424.83
2016-07-15,24424.83
2016-07-18,24424.83
2016-07-19,24424.83
2016-07-20,24231.03
2016-07-21,24231.03
2016-07-22,24231.03
2016-07-25,24231.03
2016-07-26,24231.03
2016-07-27,24231.03
2016-07-28,24231.03
2016-07-29,24231.03
2016-08-01,24231.03
2016-08-02,24231.03
2016-08-03,24231.03
2016-08-04,24231.03
2016-08-05,24231.03
2016-08-08,24231.03
2016-08-09,24308.89
2016-08-10,24308.89
2016-08-11,24308.89
2016-08-12,24308.89
2016-08-15,24308.89
2016-08-16,24308.89
2016-08-17,24308.89
2016-08-18,24308.89
2016-08-19,24308.89
2016-08-22,24308.89
2016-08-23,24308.89
2016-08-24,24308.89
2016-08-25,24308.89
2016-08-26,24308.89
2016-08-29,24308.89
2016-08-30,24308.89
2016-08-31,24308.89
2016-09-01,24308.89
2016-09-02,24308.89
2016-09-06,24402.58
2016-09-07,24402.58
2016-09-08,24402.58
2016-09-09,24402.58
2016-09-12,24402.58
2016-09-13,24402.58
2016-09-14,24402.58
2016-09-15,24402.58
2016-09-16,24402.58
2016-09-19,24402.58
2016-09-20,24402.58
2016-09-21,24402.58
2016-09-22,24402.58
2016-09-23,24402.58
2016-09-26,24156.48
2016-09-27,24156.48
2016-09-28,24156.48
2016-09-29,24156.48
2016-09-30,24156.48
2016-10-03,24156.48
2016-10-04,24156.48
2016-10-05,24156.48
2016-10-06,24156.48
2016-10-07,24156.48
2016-10-10,24156.48
2016-10-11,24156.48
2016-10-12,24156.48
2016-10-13,24105.49
2016-10-14,24105.49
2016-10-17,24105.49
2016-10-18,24105.49
2016-10-19,24105.49
2016-10-20,24105.49
2016-10-21,24105.49
2016-10-24,24105.49
2016-10-25,24105.49
2016-10-26,24105.49
2016-10-27,24105.49
2016-10-28,24105.49
2016-10-31,24105.49
2016-11-01,24105.49
2016-11-02,23942.62
2016-11-03,23942.62
2016-11-04,23942.62
2016-11-07,23942.62
2016-11-08,23942.62
2016-11-09,23765.58
2016-11-10,23765.58
2016-11-11,23765.58
2016-11-14,23765.58
2016-11-15,23765.58
2016-11-16,23765.58
2016-11-17,23765.58
2016-11-18,23765.58
2016-11-21,23765.58
2016-11-22,23765.58
2016-11-23,23765.58
2016-11-25,23765.58
2016-11-28,23765.58
2016-11-29,23765.58
2016-11-30,23765.58
2016-12-01,23765.58
2016-12-02,23765.58
2016-12-05,23765.58
2016-12-06,23765.58
2016-12-07,23765.58
2016-12-08,24219.65
2016-12-09,24219.65
2016-12-12,24219.65
2016-12-13,24455.51
2016-12-14,24455.51
2016-12-15,24455.51
2016-12-16,24455.51
2016-12-19,24455.51
2016-12-20,24455.51
2016-12-21,24455.51
2016-12-22,24455.51
2016-12-23,24455.51
2016-12-27,24455.51
2016-12-28,24455.51
2016-12-29,24455.51
2016-12-30,24455.51
2017-01-03,24455.51
2017-01-04,24319.63
2017-01-05,24296.74
2017-01-06,24296.74
2017-01-09,24342.93
2017-01-10,24342.93
2017-01-11,24342.93
2017-01-12,24363.76
2017-01-13,24363.76
2017-01-17,24363.76
2017-01-18,24363.76
2017-01-19,24340.05
2017-01-20,24340.05
2017-01-23,24340.05
2017-01-24,24340.05
2017-01-25,24340.05
2017-01-26,24334.45
2017-01-27,24334.45
2017-01-30,24334.45
2017-01-31,24334.45
2017-02-01,24334.45
2017-02-02,24346.91
2017-02-03,24346.91
2017-02-06,24346.91
2017-02-07,24346.91
2017-02-08,24346.91
2017-02-09,24371.94
2017-02-10,24371.94
2017-02-13,24371.94
2017-02-14,24371.94
2017-02-15,24371.94
2017-02-16,24363.1
2017-02-17,24363.1
2017-02-21,24363.1
2017-02-22,24363.1
2017-02-23,24354.13
2017-02-24,24354.13
2017-02-27,24354.13
2017-02-28,24354.13
2017-03-01,24354.13
2017-03-02,24356.25
2017-03-03,24356.25
2017-03-06,24356.25
2017-03-07,24356.25
2017-03-08,24356.25
2017-03-09,24364.46
2017-03-10,24364.46
2017-03-13,24364.46
2017-03-14,24364.46
2017-03-15,24345.17
2017-03-16,24345.17
2017-03-17,24345.17
2017-03-20,24345.17
2017-03-21,24263.74
2017-03-22,24263.74
2017-03-23,24263.74
2017-03-24,24253.45
2017-03-27,24253.45
2017-03-28,24253.45
2017-03-29,24253.45
2017-03-30,24253.45
2017-03-31,24253.45
2017-04-03,24253.45
2017-04-04,24253.45
2017-04-05,24253.45
2017-04-06,24253.45
2017-04-07,24253.45
2017-04-10,24253.45
2017-04-11,24253.45
2017-04-12,24198.76
2017-04-13,24181.5
2017-04-17,24181.5
2017-04-18,24181.5
2017-04-19,24181.5
2017-04-20,24181.5
2017-04-21,24181.5
2017-04-24,24181.5
2017-04-25,24215.08
2017-04-26,24215.08
2017-04-27,24215.08
2017-04-28,24215.08
2017-05-01,24215.08
2017-05-02,24215.08
2017-05-03,24107.09
2017-05-04,24087.35
2017-05-05,24087.35
2017-05-08,24087.35
2017-05-09,24087.35
2017-05-10,24087.35
2017-05-11,24087.35
2017-05-12,24087.35
2017-05-15,24087.35
2017-05-16,24087.35
2017-05-17,24058.09
2017-05-18,24058.09
2017-05-19,24068.11
2017-05-22,24068.11
2017-05-23,24068.11
2017-05-24,24068.11
2017-05-25,24064.93
2017-05-26,24064.93
2017-05-30,24064.93
2017-05-31,24064.93
2017-06-01,24038.11
2017-06-02,24038.11
2017-06-05,24038.11
2017-06-06,24038.11
2017-06-07,24038.11
2017-06-08,24049.74
2017-06-09,24049.74
2017-06-12,24049.74
2017-06-13,24049.74
2017-06-14,24049.74
2017-06-15,24040.97
2017-06-16,24040.97
2017-06-19,24040.97
2017-06-20,24040.97
2017-06-21,24040.97
2017-06-22,24040.97
2017-06-23,24024.2
2017-06-26,24024.2
2017-06-27,24024.2
2017-06-28,24024.2
2017-06-29,24024.2
2017-06-30,24024.2
2017-07-03,24024.2
2017-07-05,24024.2
2017-07-06,24024.2
2017-07-07,24024.2
2017-07-10,24024.2
2017-07-11,24024.2
2017-07-12,24024.2
2017-07-13,24024.2
2017-07-14,24024.2
2017-07-17,24024.2
2017-07-18,24013.88
2017-07-19,24013.88
2017-07-20,24013.88
2017-07-21,23965.93
2017-07-24,23965.93
2017-07-25,23965.93
2017-07-26,23908.76
2017-07-27,23908.76
2017-07-28,23908.76
2017-07-31,23908.76
2017-08-01,23908.76
2017-08-02,23908.35
2017-08-03,23908.35
2017-08-04,23908.35
2017-08-07,23908.35
2017-08-08,23908.35
2017-08-09,23892.32
2017-08-10,23892.32
2017-08-11,23892.32
2017-08-14,23892.32
2017-08-15,23892.32
2017-08-16,23892.32
2017-08-17,23892.32
2017-08-18,23892.32
2017-08-21,23892.32
2017-08-22,23892.32
2017-08-23,23892.32
2017-08-24,23892.32
2017-08-25,23892.32
2017-08-28,23892.32
2017-08-29,23892.32
2017-08-30,23892.32
2017-08-31,23892.32
2017-09-01,23628.61
2017-09-05,23617.27
2017-09-06,23617.27
2017-09-07,23617.27
2017-09-08,23617.27
2017-09-11,23617.27
2017-09-12,23597.35
2017-09-13,23597.35
2017-09-14,23597.35
2017-09-15,23597.35
2017-09-18,23597.35
2017-09-19,23585.47
2017-09-20,23585.47
2017-09-21,23585.47
2017-09-22,23585.47
2017-09-25,23585.47
2017-09-26,23576.77
2017-09-27,23576.77
2017-09-28,23576.77
2017-09-29,23576.77
2017-10-02,23576.77
2017-10-03,23576.77
2017-10-04,23576.77
2017-10-05,23576.77
2017-10-06,23576.77
2017-10-09,23576.77
2017-10-10,23576.77
2017-10-11,23491.29
2017-10-12,23484.72
2017-10-13,23484.72
2017-10-16,23484.72
2017-10-17,23484.72
2017-10-18,23484.72
2017-10-19,23484.72
2017-10-20,23484.72
2017-10-23,23484.72
2017-10-24,23493.7
2017-10-25,23493.7
2017-10-26,23493.7
2017-10-27,23493.7
2017-10-30,23431.43
2017-10-31,23431.43
2017-11-01,23431.43
2017-11-02,23431.43
2017-11-03,23410.99
2017-11-06,23410.99
2017-11-07,23410.99
2017-11-08,23410.99
2017-11-09,23410.99
2017-11-10,23423.02
2017-11-13,23423.02
2017-11-14,23423.02
2017-11-15,23440.39
2017-11-16,23440.39
2017-11-17,23440.39
2017-11-20,23440.39
2017-11-21,23440.39
2017-11-22,23403.73
2017-11-24,23404.56
2017-11-27,23404.56
2017-11-28,23404.56
2017-11-29,23404.56
2017-11-30,23404.56
2017-12-01,23393.86
2017-12-04,23393.86
2017-12-05,23393.86
2017-12-06,23393.86
2017-12-07,23393.86
2017-12-08,23370.2
2017-12-11,23370.2
2017-12-12,23370.2
2017-12-13,23370.2
2017-12-14,23370.2
2017-12-15,23370.2
2017-12-18,23370.2
2017-12-19,23370.2
2017-12-20,23370.2
2017-12-21,23289.88
2017-12-22,23275.03
2017-12-26,23275.03
2017-12-27,23275.03
2017-12-28,23275.03
2017-12-29,23272.31
2018-01-02,23272.31
2018-01-03,23272.31
2018-01-04,23272.31
2018-01-05,23272.31
2018-01-08,23272.31
2018-01-09,23272.31
2018-01-10,23272.31
2018-01-11,23272.31
2018-01-12,23272.31
2018-01-16,23272.31
2018-01-17,23272.31
2018-01-18,23272.31
2018-01-19,23272.31
2018-01-22,23272.31
2018-01-23,23272.31
2018-01-24,23272.31
2018-01-25,23272.31
2018-01-26,23272.31
2018-01-29,23272.31
2018-01-30,23272.31
2018-01-31,23272.31
2018-02-01,23337.41
2018-02-02,23337.41
2018-02-05,23031.58
2018-02-06,23031.58
2018-02-07,23031.58
2018-02-08,23031.58
2018-02-09,23031.58
2018-02-12,23031.58
2018-02-13,23031.58
2018-02-14,23031.58
2018-02-15,23031.58
2018-02-16,23031.58
2018-02-20,23031.58
2018-02-21,23031.58
2018-02-22,23031.58
2018-02-23,23031.58
2018-02-26,22862.24
2018-02-27,22882.64
2018-02-28,22882.64
2018-03-01,22882.64
2018-03-02,22882.64
2018-03-05,22882.64
2018-03-06,22875.8
2018-03-07,22805.63
2018-03-08,22805.63
2018-03-09,22805.63
2018-03-12,22805.63
2018-03-13,22805.63
2018-03-14,22843.35
2018-03-15,22843.35
2018-03-16,22843.35
2018-03-19,22843.35
2018-03-20,22843.35
2018-03-21,22814.92
2018-03-22,22814.92
2018-03-23,22814.92
2018-03-26,22814.92
2018-03-27,22814.92
2018-03-28,22814.92
2018-03-29,22814.92
2018-04-02,22814.92
2018-04-03,22814.92
2018-04-04,22814.92
2018-04-05,22814.92
2018-04-06,22814.92
2018-04-09,22814.92
2018-04-10,22814.92
2018-04-11,22814.92
2018-04-12,22690.67
2018-04-13,22690.67
2018-04-16,22690.67
2018-04-17,22690.67
2018-04-18,22690.67
2018-04-19,22690.67
2018-04-20,22690.67
2018-04-23,22690.67
2018-04-24,22690.67
2018-04-25,22690.67
2018-04-26,22690.67
2018-04-27,22690.67
2018-04-30,22690.67
2018-05-01,22690.67
2018-05-02,22690.67
2018-05-03,22690.67
2018-05-04,22690.67
2018-05-07,22690.67
2018-05-08,22690.67
2018-05-09,23017.58
2018-05-10,23017.58
2018-05-11,23017.58
2018-05-14,23017.58
2018-05-15,23017.58
2018-05-16,23017.58
2018-05-17,23017.58
2018-05-18,23017.58
2018-05-21,23017.58
2018-05-22,23017.58
2018-05-23,23017.58
2018-05-24,23017.58
2018-05-25,23017.58
2018-05-29,23017.58
2018-05-30,23017.58
2018-05-31,23017.58
2018-06-01,23017.58
2018-06-04,23017.58
2018-06-05,23017.58
2018-06-06,23017.58
2018-06-07,23035.05
2018-06-08,23035.05
2018-06-11,23035.05
2018-06-12,23035.05
2018-06-13,23035.05
2018-06-14,23035.05
2018-06-15,23035.05
2018-06-18,23035.05
2018-06-19,23035.05
2018-06-20,23035.05
2018-06-21,23035.05
2018-06-22,23035.05
2018-06-25,23035.05
2018-06-26,23035.05
2018-06-27,23035.05
2018-06-28,23035.05
2018-06-29,23035.05
2018-07-02,23035.05
2018-07-03,23035.05
2018-07-05,23035.05
2018-07-06,23008.56
2018-07-09,23008.56
2018-07-10,23008.56
2018-07-11,23008.56
2018-07-12,23008.56
2018-07-13,23008.56
2018-07-16,23008.56
2018-07-17,23176.19
2018-07-18,23176.19
2018-07-19,23176.19
2018-07-20,23176.19
2018-07-23,23176.19
2018-07-24,23176.19
2018-07-25,23176.19
2018-07-26,23176.19
2018-07-27,23176.19
2018-07-30,23176.19
2018-07-31,23176.19
2018-08-01,23176.19
2018-08-02,23176.19
2018-08-03,23176.19
2018-08-06,23176.19
2018-08-07,23176.19
2018-08-08,23176.19
2018-08-09,23176.19
2018-08-10,23176.19
2018-08-13,23176.19
2018-08-14,23278.63
2018-08-15,23278.63
2018-08-16,23278.63
2018-08-17,23278.63
2018-08-20,23278.63
2018-08-21,23278.63
2018-08-22,23278.63
2018-08-23,23278.63
2018-08-24,23278.63
2018-08-27,23278.63
2018-08-28,23278.63
2018-08-29,23278.63
2018-08-30,23278.63
2018-08-31,23278.63
2018-09-04,23278.63
2018-09-05,23278.63
2018-09-06,23278.63
2018-09-07,23278.63
2018-09-10,23278.63
2018-09-11,23278.63
2018-09-12,23191.99
2018-09-13,23202.98
2018-09-14,23202.98
2018-09-17,23202.98
2018-09-18,23202.98
2018-09-19,23202.98
2018-09-20,23202.98
2018-09-21,23202.98
2018-09-24,23202.98
2018-09-25,23202.98
2018-09-26,23202.98
2018-09-27,23202.98
2018-09-28,23202.98
2018-10-01,23202.98
2018-10-02,23202.98
2018-10-03,23202.98
2018-10-04,23202.98
2018-10-05,23202.98
2018-10-08,23202.98
2018-10-09,23202.98
2018-10-10,23249.59
2018-10-11,23249.59
2018-10-12,23249.59
2018-10-15,23249.59
2018-10-16,23249.59
2018-10-17,23249.59
2018-10-18,23249.59
2018-10-19,23249.59
2018-10-22,23327.53
2018-10-23,23327.53
2018-10-24,23327.53
2018-10-25,23327.53
2018-10-26,23327.53
2018-10-29,23327.53
2018-10-30,23327.53
2018-10-31,23327.53
2018-11-01,23327.53
2018-11-02,23472.68
2018-11-05,23472.68
2018-11-06,23457.68
2018-11-07,23457.68
2018-11-08,23457.68
2018-11-09,23457.68
2018-11-12,23457.68
2018-11-13,23457.68
2018-11-14,23457.68
2018-11-15,23457.68
2018-11-16,23375.08
2018-11-19,23375.08
2018-11-20,23662.81
2018-11-21,23662.81
2018-11-23,23662.81
2018-11-26,23662.81
2018-11-27,23662.81
2018-11-28,23664.99
2018-11-29,23664.99
2018-11-30,23664.99
2018-12-03,23664.99
2018-12-04,23670.3
2018-12-06,23670.3
2018-12-07,23670.3
2018-12-10,23670.3
2018-12-11,23670.3
2018-12-12,23670.3
2018-12-13,23670.3
2018-12-14,23670.3
2018-12-17,23670.3
2018-12-18,23670.3
2018-12-19,23670.3
2018-12-20,23670.3
2018-12-21,23670.3
2018-12-24,23804.21
2018-12-26,23804.21
2018-12-27,23804.21
2018-12-28,23804.21
2018-12-31,23804.21
2019-01-02,23804.21
2019-01-03,23804.21
2019-01-04,23752.14
2019-01-07,23546.6
2019-01-08,23645.59
2019-01-09,23645.59
2019-01-10,23645.59
2019-01-11,23645.59
2019-01-14,23645.59
2019-01-15,23645.59
2019-01-16,23645.59
2019-01-17,23645.59
2019-01-18,23645.59
2019-01-22,23645.59
2019-01-23,23645.59
2019-01-24,23645.59
2019-01-25,23645.59
2019-01-28,23645.59
2019-01-29,23645.59
2019-01-30,23645.59
2019-01-31,23756.61
2019-02-01,23756.61
2019-02-04,23756.61
2019-02-05,23756.61
2019-02-06,23696.79
2019-02-07,23696.79
2019-02-08,23696.79
2019-02-11,23696.79
2019-02-12,23696.79
2019-02-13,23666.25
2019-02-14,23666.25
2019-02-15,23666.25
2019-02-19,23666.25
2019-02-20,23666.25
2019-02-21,23666.25
2019-02-22,23666.25
2019-02-25,23666.25
2019-02-26,23666.25
2019-02-27,23666.25
2019-02-28,23666.25
2019-03-01,23561.42
2019-03-04,23556.8
2019-03-05,23556.8
2019-03-06,23556.8
2019-03-07,23556.8
2019-03-08,23556.8
2019-03-11,23541.51
2019-03-12,23541.51
2019-03-13,23541.51
2019-03-14,23541.51
2019-03-15,23541.51
2019-03-18,23541.51
2019-03-19,23541.51
2019-03-20,23541.51
2019-03-21,23541.51
2019-03-22,23541.51
2019-03-25,23541.51
2019-03-26,23541.51
2019-03-27,23541.51
2019-03-28,23541.51
2019-03-29,23541.51
2019-04-01,23541.51
2019-04-02,23541.51
2019-04-03,23597.66
2019-04-04,23597.66
2019-04-05,23597.66
2019-04-08,23597.66
2019-04-09,23597.66
2019-04-10,23597.66
2019-04-11,23731.46
2019-04-12,23731.46
2019-04-15,23731.46
2019-04-16,23731.46
2019-04-17,23731.46
2019-04-18,23731.46
2019-04-22,23731.46
2019-04-23,23731.46
2019-04-24,23731.46
2019-04-25,23731.46
2019-04-26,23731.46
2019-04-29,23731.46
2019-04-30,23731.46
2019-05-01,23731.46
2019-05-02,23731.46
2019-05-03,23731.46
2019-05-06,23731.46
2019-05-07,23731.46
2019-05-08,23731.46
2019-05-09,23731.46
2019-05-10,23709.67
2019-05-13,23709.67
2019-05-14,23709.67
2019-05-15,23709.67
2019-05-16,23624.14
2019-05-17,23624.14
2019-05-20,23624.14
2019-05-21,23624.14
2019-05-22,23624.14
2019-05-23,23624.14
2019-05-24,23624.14
2019-05-28,23624.14
2019-05-29,23671.66
2019-05-30,23671.66
2019-05-31,24071.92
2019-06-03,24071.92
2019-06-04,23996.27
2019-06-05,23996.27
2019-06-06,23996.27
2019-06-07,23996.27
2019-06-10,23996.27
2019-06-11,24015.82
2019-06-12,24015.82
2019-06-13,24015.82
2019-06-14,24015.82
2019-06-17,24015.82
2019-06-18,23906.32
2019-06-19,23906.32
2019-06-20,23906.32
2019-06-21,23906.32
2019-06-24,23781.56
2019-06-25,23723.8
2019-06-26,23723.8
2019-06-27,23723.8
2019-06-28,23723.8
2019-07-01,23723.8
2019-07-02,23723.8
2019-07-03,23723.8
2019-07-05,23723.8
2019-07-08,23723.8
2019-07-09,23723.8
2019-07-10,23723.8
2019-07-11,23723.8
2019-07-12,23723.8
2019-07-15,23723.8
2019-07-16,23723.8
2019-07-17,23723.8
2019-07-18,23723.8
2019-07-19,23816.21
2019-07-22,23816.21
2019-07-23,23816.21
2019-07-24,23816.21
2019-07-25,23816.21
2019-07-26,23816.21
2019-07-29,23884.99
2019-07-30,23884.99
2019-07-31,23931.03
2019-08-01,23931.03
2019-08-02,23931.03
2019-08-05,23663.92
2019-08-06,23663.92
2019-08-07,23663.92
2019-08-08,23663.92
2019-08-09,23663.92
2019-08-12,23663.92
2019-08-13,23663.92
2019-08-14,23663.92
2019-08-15,23663.92
2019-08-16,23663.92
2019-08-19,23663.92
2019-08-20,23663.92
2019-08-21,23663.92
2019-08-22,23663.92
2019-08-23,23663.92
2019-08-26,23663.92
2019-08-27,23663.92
2019-08-28,23663.92
2019-08-29,23663.92
2019-08-30,23804.31
2019-09-03,23869.52
2019-09-04,23869.52
2019-09-05,23869.52
2019-09-06,23788.78
2019-09-09,23751.76
2019-09-10,23751.76
2019-09-11,23751.76
2019-09-12,23751.76
2019-09-13,23751.76
2019-09-16,23751.76
2019-09-17,23751.76
2019-09-18,23751.76
2019-09-19,23751.76
2019-09-20,23751.76
2019-09-23,23751.76
2019-09-24,23751.76
2019-09-25,23751.76
2019-09-26,23751.76
2019-09-27,23751.76
2019-09-30,23751.76
2019-10-01,23504.13
2019-10-02,23314.81
2019-10-03,23314.81
2019-10-04,23314.81
2019-10-07,23314.81
2019-10-08,23314.81
2019-10-09,23297.38
2019-10-10,23297.38
2019-10-11,23297.38
2019-10-14,23297.38
2019-10-15,23297.38
2019-10-16,23297.38
2019-10-17,23297.38
2019-10-18,23297.38
2019-10-21,23324.48
2019-10-22,23324.48
2019-10-23,23324.48
2019-10-24,23324.48
2019-10-25,23324.48
2019-10-28,23324.48
2019-10-29,23324.48
2019-10-30,23324.48
2019-10-31,23324.48
2019-11-01,23324.48
2019-11-04,23324.48
2019-11-05,23324.48
2019-11-06,23324.48
2019-11-07,23324.48
2019-11-08,23324.48
2019-11-11,23324.48
2019-11-12,23475.56
2019-11-13,23475.56
2019-11-14,23475.56
2019-11-15,23475.56
2019-11-18,23475.56
2019-11-19,23475.56
2019-11-20,23475.56
2019-11-21,23475.56
2019-11-22,23475.56
2019-11-25,23475.56
2019-11-26,23475.56
2019-11-27,23475.56
2019-11-29,23475.56
2019-12-02,23475.56
2019-12-03,23475.56
2019-12-04,23475.56
2019-12-05,23475.56
2019-12-06,23475.56
2019-12-09,23472.01
2019-12-10,23472.01
2019-12-11,23472.01
2019-12-12,23472.01
2019-12-13,23472.01
2019-12-16,23472.01
2019-12-17,23472.01
2019-12-18,23472.01
2019-12-19,23472.01
2019-12-20,23472.01
2019-12-23,23472.01
2019-12-24,23472.01
2019-12-26,23607.37
2019-12-27,23607.37
2019-12-30,23607.37
2019-12-31,23607.37
2020-01-02,23607.37
2020-01-03,23607.37
2020-01-06,23607.37
2020-01-07,23607.37
2020-01-08,23607.37
2020-01-09,23643.35
2020-01-10,23643.35
2020-01-13,23643.35
2020-01-14,23644.26
2020-01-15,23644.26
2020-01-16,23766.19
2020-01-17,23766.19
2020-01-21,23766.19
2020-01-22,23766.19
2020-01-23,23766.19
2020-01-24,23766.19
2020-01-27,23766.19
2020-01-28,23766.19
2020-01-29,23766.19
2020-01-30,23766.19
2020-01-31,23876.03
2020-02-03,23876.03
2020-02-04,23876.03
2020-02-05,23876.03
2020-02-06,23876.03
2020-02-07,23876.03
2020-02-10,23876.03
2020-02-11,23876.03
2020-02-12,23876.03
2020-02-13,23876.03
2020-02-14,23876.03
2020-02-18,23876.03
2020-02-19,23876.03
2020-02-20,24047.44
2020-02-21,24047.44
2020-02-24,23893.29
2020-02-25,23721.76
2020-02-26,23721.76
2020-02-27,23721.76
2020-02-28,23721.76
2020-03-02,23721.76
2020-03-03,23721.76
2020-03-04,23721.76
2020-03-05,23721.76
2020-03-06,23721.76
2020-03-09,24061.22
2020-03-10,24061.22
2020-03-11,24248.33
2020-03-12,24475.42
2020-03-13,24475.42
2020-03-16,24676.65
2020-03-17,24676.65
2020-03-18,24676.65
2020-03-19,24676.65
2020-03-20,24676.65
2020-03-23,24676.65
2020-03-24,25242.29
2020-03-25,25920.31
2020-03-26,26208.88
2020-03-27,26679.48
2020-03-30,26679.48
2020-03-31,26679.48
2020-04-01,26629.12
2020-04-02,26629.12
2020-04-03,26629.12
2020-04-06,26629.12
2020-04-07,26629.12
2020-04-08,26666.68
2020-04-09,26666.68
2020-04-13,26666.68
2020-04-14,26666.68
2020-04-15,26662.45
2020-04-16,26662.45
2020-04-17,26662.45
2020-04-20,26662.45
2020-04-21,26662.45
2020-04-22,26631.84
2020-04-23,26631.84
2020-04-24,26631.84
2020-04-27,26631.84
2020-04-28,26631.84
2020-04-29,26590.65
2020-04-30,26590.65
2020-05-01,26590.65
2020-05-04,26590.65
2020-05-05,26590.65
2020-05-06,26587.68
2020-05-07,26587.68
2020-05-08,26587.68
2020-05-11,26587.68
2020-05-12,26587.68
2020-05-13,26570.85
2020-05-14,26570.85
2020-05-15,26570.85
2020-05-18,26570.85
2020-05-19,26570.85
2020-05-20,26566.46
2020-05-21,26566.46
2020-05-22,26566.46
2020-05-26,26566.46
2020-05-27,26520.37
2020-05-28,26520.37
2020-05-29,26520.37
2020-06-01,26520.37
2020-06-02,26520.37
2020-06-03,26533.13
2020-06-04,26533.13
2020-06-05,26533.13
2020-06-08,26533.13
2020-06-09,26533.13
2020-06-10,26533.13
2020-06-11,25923.5
2020-06-12,25923.5
2020-06-15,25923.5
2020-06-16,25799.16
2020-06-17,25799.16
2020-06-18,25799.16
2020-06-19,25799.16
2020-06-22,25799.16
2020-06-23,25740.51
2020-06-24,25740.51
2020-06-25,25740.51
2020-06-26,25740.51
2020-06-29,25740.51
2020-06-30,25791.41
2020-07-01,25791.41
2020-07-02,25791.41
2020-07-06,25791.41
2020-07-07,25739.31
2020-07-08,25739.31
2020-07-09,25739.31
2020-07-10,25739.31
2020-07-13,25739.31
2020-07-14,25739.31
2020-07-15,25739.31
2020-07-16,25739.31
2020-07-17,25739.31
2020-07-20,25739.31
2020-07-21,25739.31
2020-07-22,25739.31
2020-07-23,25739.31
2020-07-24,25739.31
2020-07-27,25855.05
2020-07-28,25855.05
2020-07-29,25855.05
2020-07-30,25855.05
2020-07-31,25855.05
2020-08-03,25855.05
2020-08-04,25855.05
2020-08-05,26268.83
2020-08-06,26268.83
2020-08-07,26268.83
2020-08-10,26268.83
2020-08-11,25891.18
2020-08-12,25891.18
2020-08-13,25935.64
2020-08-14,25935.64
2020-08-17,25935.64
2020-08-18,25935.64
2020-08-19,25935.64
2020-08-20,25995.21
2020-08-21,25995.21
2020-08-24,25995.21
2020-08-25,25995.21
2020-08-26,25995.21
2020-08-27,25884.8
2020-08-28,25884.8
2020-08-31,25884.8
2020-09-01,25884.8
2020-09-02,25884.8
2020-09-03,25847.23
2020-09-04,25847.23
2020-09-08,25847.23
2020-09-09,25847.23
2020-09-10,25847.23
2020-09-11,25847.23
2020-09-14,25847.23
2020-09-15,25847.23
2020-09-16,25529.31
2020-09-17,25529.31
2020-09-18,25529.31
2020-09-21,25529.31
2020-09-22,25529.31
2020-09-23,25529.31
2020-09-24,25529.31
2020-09-25,25529.31
2020-09-28,25529.31
2020-09-29,25529.22
2020-09-30,25529.22
2020-10-01,25529.22
2020-10-02,25528.42
2020-10-05,25326.01
2020-10-06,25326.01
2020-10-07,25326.01
2020-10-08,25326.01
2020-10-09,25326.01
2020-10-12,25326.01
2020-10-13,25326.01
2020-10-14,25326.01
2020-10-15,25326.01
2020-10-16,25541.22
2020-10-19,25541.22
2020-10-20,25541.22
2020-10-21,25541.22
2020-10-22,25541.22
2020-10-23,25541.22
2020-10-26,25541.22
2020-10-27,25541.22
2020-10-28,25005.78
2020-10-29,25059.97
2020-10-30,25067.2
2020-11-02,25049.96
2020-11-03,25049.96
2020-11-04,25049.96
2020-11-05,25049.96
2020-11-06,25050.68
2020-11-09,25050.68
2020-11-10,25050.68
2020-11-11,25050.68
2020-11-12,25050.68
2020-11-13,25050.68
2020-11-16,25050.68
2020-11-17,25050.68
2020-11-18,25050.68
2020-11-19,25050.68
2020-11-20,25050.68
2020-11-23,25050.68
2020-11-24,25050.68
2020-11-25,25050.68
2020-11-27,25050.68
2020-11-30,25050.68
2020-12-01,25033.57
2020-12-02,25033.57
2020-12-03,25033.57
2020-12-04,25033.57
2020-12-07,25033.57
2020-12-08,25028.94
2020-12-09,25197.7
2020-12-10,25197.7
2020-12-11,25197.7
2020-12-14,25197.7
2020-12-15,25177.88
2020-12-16,25177.88
2020-12-17,25177.88
2020-12-18,25177.88
2020-12-21,25177.88
2020-12-22,25220.85
2020-12-23,25220.85
2020-12-24,25220.85
2020-12-28,25220.85
2020-12-29,25213.11
2020-12-30,25213.11
2020-12-31,25213.11
2021-01-04,25213.11
2021-01-05,25209.63
2021-01-06,25209.63
2021-01-07,25209.63
2021-01-08,25209.63
2021-01-11,25209.63
2021-01-12,25175.89
2021-01-13,25175.89
2021-01-14,25175.89
2021-01-15,25175.89
2021-01-19,25174.65
2021-01-20,25174.65
2021-01-21,25174.65
2021-01-22,25174.65
2021-01-25,25174.65
2021-01-26,25179.87
2021-01-27,25179.87
2021-01-28,25179.87
2021-01-29,25179.87
2021-02-01,25179.87
2021-02-02,25185.89
2021-02-03,25185.89
2021-02-04,25185.89
2021-02-05,25185.89
2021-02-08,25185.89
2021-02-09,25195.1
2021-02-10,25195.1
2021-02-11,25195.1
2021-02-12,25195.1
2021-02-16,25195.1
2021-02-17,25195.1
2021-02-18,25195.1
2021-02-19,25195.1
2021-02-22,25195.1
2021-02-23,25195.1
2021-02-24,25195.1
2021-02-25,25195.1
2021-02-26,25250.59
2021-03-01,25250.59
2021-03-02,25250.59
2021-03-03,25250.59
2021-03-04,25250.59
2021-03-05,25250.59
2021-03-08,25250.59
2021-03-09,25250.59
2021-03-10,25250.59
2021-03-11,25250.59
2021-03-12,25250.59
2021-03-15,25366.08
2021-03-16,25366.08
2021-03-17,25366.08
2021-03-18,25060.58
2021-03-19,25058.61
2021-03-22,25058.61
2021-03-23,25058.61
2021-03-24,25058.61
2021-03-25,25058.61
2021-03-26,25058.61
2021-03-29,25058.61
2021-03-30,24983.74
2021-03-31,24983.74
2021-04-01,24983.74
2021-04-05,24869.42
2021-04-06,24869.42
2021-04-07,24869.42
2021-04-08,24869.42
2021-04-09,24869.42
2021-04-12,24782.98
2021-04-13,24782.98
2021-04-14,24782.98
2021-04-15,24782.98
2021-04-16,24782.98
2021-04-19,24762.76
2021-04-20,24762.76
2021-04-21,24762.76
2021-04-22,24762.76
2021-04-23,24762.76
2021-04-26,24809.98
2021-04-27,24809.98
2021-04-28,24809.98
2021-04-29,24809.98
2021-04-30,24809.98
2021-05-03,24809.98
2021-05-04,24809.98
2021-05-05,24889.49
2021-05-06,24889.49
2021-05-07,24889.49
2021-05-10,24889.49
2021-05-11,24889.49
2021-05-12,24889.49
2021-05-13,24889.49
2021-05-14,24889.49
2021-05-17,24889.49
2021-05-18,24889.49
2021-05-19,24889.49
2021-05-20,24746.27
2021-05-21,24746.27
2021-05-24,24711.21
2021-05-25,24711.21
2021-05-26,24711.21
2021-05-27,24711.21
2021-05-28,24854.28
2021-06-01,24854.28
2021-06-02,24854.28
2021-06-03,24854.28
2021-06-04,24794.9
2021-06-07,24794.9
2021-06-08,24794.9
2021-06-09,24794.9
2021-06-10,24794.9
2021-06-11,24777.15
2021-06-14,24777.15
2021-06-15,24777.15
2021-06-16,24777.15
2021-06-17,24777.15
2021-06-18,24777.15
2021-06-21,24777.15
2021-06-22,24777.15
2021-06-23,24777.15
2021-06-24,24777.15
2021-06-25,24777.15
2021-06-28,24777.15
2021-06-29,24777.15
2021-06-30,24777.15
2021-07-01,24777.15
2021-07-02,24777.15
2021-07-06,24777.15
2021-07-07,24777.15
2021-07-08,24777.15
2021-07-09,24777.15
2021-07-12,24777.15
2021-07-13,24777.15
2021-07-14,24777.15
2021-07-15,24777.15
2021-07-16,24677.45
2021-07-19,24677.45
2021-07-20,24677.45
2021-07-21,24677.45
2021-07-22,24677.45
2021-07-23,24677.45
2021-07-26,24677.45
2021-07-27,24677.45
2021-07-28,24677.45
2021-07-29,24677.45
2021-07-30,24677.45
2021-08-02,24677.45
2021-08-03,24677.45
2021-08-04,24677.45
2021-08-05,24677.45
2021-08-06,24677.45
2021-08-09,24677.45
2021-08-10,24677.45
2021-08-11,24677.45
2021-08-12,24677.45
2021-08-13,24763.06
2021-08-16,24654.55
2021-08-17,24654.55
2021-08-18,24654.55
2021-08-19,24654.55
2021-08-20,24654.55
2021-08-23,24654.55
2021-08-24,24654.55
2021-08-25,24654.55
2021-08-26,24654.55
2021-08-27,24654.55
2021-08-30,24654.55
2021-08-31,24654.55
2021-09-01,24654.55
2021-09-02,24654.55
2021-09-03,24654.55
2021-09-07,24654.55
2021-09-08,24654.55
2021-09-09,24654.55
2021-09-10,24571.49
2021-09-13,24559.53
2021-09-14,24514.84
2021-09-15,24514.84
2021-09-16,24514.84
2021-09-17,24514.84
2021-09-20,24514.84
2021-09-21,24514.84
2021-09-22,24514.84
2021-09-23,24514.84
2021-09-24,24514.84
2021-09-27,24514.84
2021-09-28,24514.84
2021-09-29,24514.84
2021-09-30,24514.84
2021-10-01,24514.84
2021-10-04,24514.84
2021-10-05,24514.84
2021-10-06,24514.84
2021-10-07,24514.84
2021-10-08,24514.84
2021-10-11,24514.84
2021-10-12,24514.84
2021-10-13,24414.32
2021-10-14,24414.96
2021-10-15,24414.96
2021-10-18,24414.96
2021-10-19,24414.96
2021-10-20,24414.96
2021-10-21,24414.96
2021-10-22,24379.08
2021-10-25,24379.08
2021-10-26,24379.08
2021-10-27,24379.08
2021-10-28,24399.56
2021-10-29,24399.56
2021-11-01,24399.56
2021-11-02,24399.56
2021-11-03,24399.56
2021-11-04,24390.64
2021-11-05,24390.64
2021-11-08,24390.64
2021-11-09,24390.64
2021-11-10,24293.86
2021-11-11,24293.86
2021-11-12,24293.86
2021-11-15,24293.86
2021-11-16,24313.49
2021-11-17,24313.49
2021-11-18,24313.49
2021-11-19,24313.49
2021-11-22,24313.49
2021-11-23,24224.25
2021-11-24,24224.25
2021-11-26,24224.25
2021-11-29,24224.25
2021-11-30,24224.25
2021-12-01,24224.25
2021-12-02,24224.25
2021-12-03,24224.25
2021-12-06,24224.25
2021-12-07,24005.93
2021-12-08,24028.58
2021-12-09,24028.58
2021-12-10,24028.58
2021-12-13,24028.58
2021-12-14,24028.58
2021-12-15,24028.58
2021-12-16,24028.58
2021-12-17,24028.58
2021-12-20,24028.58
2021-12-21,24028.58
2021-12-22,24028.58
2021-12-23,24028.58
2021-12-27,23895.18
2021-12-28,23895.18
2021-12-29,23908.83
2021-12-30,23908.83
2021-12-31,23908.83
2022-01-03,23850.35
2022-01-04,23747.08
2022-01-05,23747.08
2022-01-06,23747.08
2022-01-07,23747.08
2022-01-10,23747.08
2022-01-11,23678.86
2022-01-12,23678.86
2022-01-13,23678.86
2022-01-14,23678.86
2022-01-18,23688.22
2022-01-19,23688.22
2022-01-20,23688.22
2022-01-21,23688.22
2022-01-24,23688.22
2022-01-25,23688.22
2022-01-26,23688.22
2022-01-27,23688.22
2022-01-28,23578.5
2022-01-31,23578.5
2022-02-01,23514.82
2022-02-02,23514.82
2022-02-03,23514.82
2022-02-04,23514.82
2022-02-07,23514.82
2022-02-08,23477.73
2022-02-09,23445.15
2022-02-10,23445.15
2022-02-11,23445.15
2022-02-14,23445.15
2022-02-15,23433.47
2022-02-16,23433.47
2022-02-17,23433.47
2022-02-18,23472.93
2022-02-22,23470.66
2022-02-23,23470.66
2022-02-24,23470.66
2022-02-25,23470.66
2022-02-28,23470.66
2022-03-01,23470.66
2022-03-02,23470.66
2022-03-03,23470.66
2022-03-04,23470.66
2022-03-07,23561.99
2022-03-08,23561.99
2022-03-09,23561.99
2022-03-10,23561.99
2022-03-11,23561.99
2022-03-14,23561.99
2022-03-15,23561.99
2022-03-16,23536.07
2022-03-17,23536.07
2022-03-18,23536.07
2022-03-21,23536.07
2022-03-22,23536.07
2022-03-23,23536.07
2022-03-24,23536.07
2022-03-25,23536.07
2022-03-28,23536.07
2022-03-29,23850.83
2022-03-30,23850.83
2022-03-31,23850.83
2022-04-01,23850.83
2022-04-04,23850.83
2022-04-05,23850.83
2022-04-06,23850.83
2022-04-07,23850.83
2022-04-08,23850.83
2022-04-11,23850.83
2022-04-12,23850.83
2022-04-13,23850.83
2022-04-14,23850.83
2022-04-18,23850.83
2022-04-19,23850.83
2022-04-20,23850.83
2022-04-21,23850.83
2022-04-22,23850.83
2022-04-25,23850.83
2022-04-26,23850.83
2022-04-27,23780.25
2022-04-28,23780.25
2022-04-29,23780.25
2022-05-02,23780.25
2022-05-03,23780.25
2022-05-04,23600.62
2022-05-05,23600.62
2022-05-06,23600.62
2022-05-09,23731.24
2022-05-10,23731.24
2022-05-11,23731.24
2022-05-12,23731.24
2022-05-13,23731.24
2022-05-16,23731.24
2022-05-17,23731.24
2022-05-18,23731.24
2022-05-19,23731.24
2022-05-20,24238.85
2022-05-23,24476.27
2022-05-24,24476.27
2022-05-25,24476.27
2022-05-26,24476.27
2022-05-27,24476.27
2022-05-31,24476.27
2022-06-01,24528.02
2022-06-02,24528.02
2022-06-03,24528.02
2022-06-06,24528.02
2022-06-07,24528.02
2022-06-08,24528.02
2022-06-09,24528.02
2022-06-10,24528.02
2022-06-13,24528.02
2022-06-14,24528.02
2022-06-15,24528.02
2022-06-16,24528.02
2022-06-17,24528.02
2022-06-21,24528.02
2022-06-22,24528.02
2022-06-23,24528.02
2022-06-24,24528.02
2022-06-27,24528.02
2022-06-28,24528.02
2022-06-29,24528.02
2022-06-30,24668.83
2022-07-01,24668.83
2022-07-05,24668.83
2022-07-06,24668.83
2022-07-07,24668.83
2022-07-08,24668.83
2022-07-11,24668.83
2022-07-12,24668.83
2022-07-13,24668.83
2022-07-14,24775.08
2022-07-15,24775.08
2022-07-18,24775.08
2022-07-19,24868.88
2022-07-20,24868.88
2022-07-21,24868.88
2022-07-22,24868.88
2022-07-25,24868.88
2022-07-26,24868.88
2022-07-27,24868.88
2022-07-28,24868.88
2022-07-29,24868.88
2022-08-01,24868.88
2022-08-02,24868.88
2022-08-03,24803.38
2022-08-04,24803.38
2022-08-05,24803.38
2022-08-08,24803.38
2022-08-09,24803.38
2022-08-10,24803.38
2022-08-11,24803.38
2022-08-12,24803.38
2022-08-15,24803.38
2022-08-16,24803.38
2022-08-17,24803.38
2022-08-18,24803.38
2022-08-19,24803.38
2022-08-22,24803.38
2022-08-23,24803.38
2022-08-24,24803.38
2022-08-25,24803.38
2022-08-26,24803.38
2022-08-29,24803.38
2022-08-30,24803.38
2022-08-31,24980.21
2022-09-01,24980.21
2022-09-02,25010.24
2022-09-06,25010.24
2022-09-07,25013.86
2022-09-08,25013.86
2022-09-09,24985.55
2022-09-12,24844.51
2022-09-13,24844.51
2022-09-14,24844.51
2022-09-15,24844.51
2022-09-16,24844.51
2022-09-19,24778.62
2022-09-20,24778.62
2022-09-21,24884.68
2022-09-22,24884.68
2022-09-23,24948.39
2022-09-26,24948.39
2022-09-27,25279.4
2022-09-28,25279.4
2022-09-29,25279.4
2022-09-30,25279.4
2022-10-03,25160.47
2022-10-04,24804.54
2022-10-05,24695.7
2022-10-06,24695.7
2022-10-07,24695.7
2022-10-10,24695.7
2022-10-11,24695.7
2022-10-12,24618.62
2022-10-13,24618.62
2022-10-14,24618.62
2022-10-17,24771.65
2022-10-18,24771.65
2022-10-19,24672.83
2022-10-20,24672.83
2022-10-21,24459.67
2022-10-24,24459.67
2022-10-25,24459.67
2022-10-26,24439.18
2022-10-27,24439.18
2022-10-28,24439.18
2022-10-31,24439.18
2022-11-01,24439.18
2022-11-02,24470.32
2022-11-03,24470.32
2022-11-04,24470.32
2022-11-07,24470.32
2022-11-08,24470.32
2022-11-09,24521.12
2022-11-10,24521.12
2022-11-11,24521.12
2022-11-14,24521.12
2022-11-15,24521.12
2022-11-16,24521.12
2022-11-17,24521.12
2022-11-18,24521.12
2022-11-21,24521.12
2022-11-22,24521.12
2022-11-23,24521.12
2022-11-25,24521.12
2022-11-28,24521.12
2022-11-29,24521.12
2022-11-30,24521.12
2022-12-01,24521.12
2022-12-02,24521.12
2022-12-05,24521.12
2022-12-06,24420.41
2022-12-07,24420.41
2022-12-08,24420.41
2022-12-09,24396.94
2022-12-12,24285.18
2022-12-13,24285.18
2022-12-14,24285.18
2022-12-15,24285.18
2022-12-16,24256.66
2022-12-19,24256.66
2022-12-20,24256.66
2022-12-21,24256.66
2022-12-22,24256.66
2022-12-23,24256.66
2022-12-27,24256.66
2022-12-28,24256.66
2022-12-29,24256.66
2022-12-30,24256.66
2023-01-03,24256.66
2023-01-04,24256.66
2023-01-05,24256.66
2023-01-06,24087.44
2023-01-09,24115.4
2023-01-10,24115.4
2023-01-11,24115.4
2023-01-12,24115.4
2023-01-13,24146.89
2023-01-17,24146.89
2023-01-18,24127.36
2023-01-19,24127.36
2023-01-20,24184.58
2023-01-23,24184.58
2023-01-24,24184.58
2023-01-25,24184.58
2023-01-26,24184.58
2023-01-27,24184.58
2023-01-30,24184.58
2023-01-31,24184.58
2023-02-01,24184.58
2023-02-02,24315.79
2023-02-03,24315.79
2023-02-06,24315.79
2023-02-07,24315.79
2023-02-08,24315.79
2023-02-09,24315.79
2023-02-10,24315.79
2023-02-13,24315.79
2023-02-14,24315.79
2023-02-15,24315.79
2023-02-16,24315.79
2023-02-17,24315.79
2023-02-21,23929.72
2023-02-22,23919.3
2023-02-23,23919.3
2023-02-24,23842.58
2023-02-27,23842.58
2023-02-28,23842.58
2023-03-01,23805.7
2023-03-02,23805.7
2023-03-03,23805.7
2023-03-06,23805.7
2023-03-07,23805.7
2023-03-08,23805.7
2023-03-09,23736.64
2023-03-10,23736.64
2023-03-13,23736.64
2023-03-14,23736.64
2023-03-15,23736.64
2023-03-16,23736.64
2023-03-17,23736.64
2023-03-20,23736.64
2023-03-21,23736.64
2023-03-22,23736.64
2023-03-23,23736.64
2023-03-24,23736.64
2023-03-27,23736.64
2023-03-28,23736.64
2023-03-29,23736.64
2023-03-30,23736.64
2023-03-31,23736.64
2023-04-03,23349.77
2023-04-04,23349.77
2023-04-05,23349.77
2023-04-06,23349.77
2023-04-10,23283.69
2023-04-11,23283.69
2023-04-12,23283.69
2023-04-13,23283.69
2023-04-14,23417.76
2023-04-17,23417.76
2023-04-18,23417.76
2023-04-19,23417.76
2023-04-20,23417.76
2023-04-21,23417.76
2023-04-24,23417.76
2023-04-25,23417.76
2023-04-26,23417.76
2023-04-27,23417.76
2023-04-28,23417.76
2023-05-01,23417.76
2023-05-02,23417.76
2023-05-03,23417.76
2023-05-04,23417.76
2023-05-05,23417.76
2023-05-08,23417.76
2023-05-09,23417.76
2023-05-10,23417.76
2023-05-11,23417.76
2023-05-12,23436.1
2023-05-15,23436.1
2023-05-16,23436.1
2023-05-17,23436.1
2023-05-18,23436.1
2023-05-19,23436.1
2023-05-22,23436.1
2023-05-23,23436.1
2023-05-24,23436.1
2023-05-25,23436.1
2023-05-26,23436.1
2023-05-30,23436.1
2023-05-31,23436.1
2023-06-01,23436.1
2023-06-02,23436.1
2023-06-05,23436.1
2023-06-06,23436.1
2023-06-07,23436.1
2023-06-08,23436.1
2023-06-09,23436.1
2023-06-12,23312.8
2023-06-13,23312.8
2023-06-14,23312.8
2023-06-15,23312.8
2023-06-16,23312.8
2023-06-20,23312.8
2023-06-21,23312.8
2023-06-22,23312.8
2023-06-23,23312.8
2023-06-26,23312.8
2023-06-27,23312.8
2023-06-28,23312.8
2023-06-29,23312.8
2023-06-30,23312.8
2023-07-03,23312.8
2023-07-05,23312.8
2023-07-06,23312.8
2023-07-07,23256.94
2023-07-10,23256.94
2023-07-11,23256.94
2023-07-12,23256.94
2023-07-13,23256.94
2023-07-14,23443.33
2023-07-17,23443.33
2023-07-18,23443.33
2023-07-19,23443.33
2023-07-20,23443.33
2023-07-21,23443.33
2023-07-24,23443.33
2023-07-25,23443.33
2023-07-26,23443.33
2023-07-27,23443.33
2023-07-28,23443.33
2023-07-31,23443.33
2023-08-01,23443.33
2023-08-02,23443.33
2023-08-03,23443.33
2023-08-04,23443.33
2023-08-07,23443.33
2023-08-08,23443.33
2023-08-09,23416.01
2023-08-10,23416.01
2023-08-11,23416.01
2023-08-14,23416.01
2023-08-15,23416.01
2023-08-16,23168.09
2023-08-17,23168.09
2023-08-18,23168.09
2023-08-21,23168.09
2023-08-22,23168.09
2023-08-23,22986.5
2023-08-24,22986.5
2023-08-25,22986.5
2023-08-28,22986.5
2023-08-29,22807.69
2023-08-30,22773.94
2023-08-31,22773.94
2023-09-01,22773.94
2023-09-05,22773.94
2023-09-06,22779.68
2023-09-07,22779.68
2023-09-08,22779.68
2023-09-11,22779.68
2023-09-12,22779.68
2023-09-13,22779.68
2023-09-14,22675.52
2023-09-15,22675.52
2023-09-18,22675.52
2023-09-19,22675.52
2023-09-20,22675.52
2023-09-21,22675.52
2023-09-22,22675.52
2023-09-25,22675.52
2023-09-26,22675.52
2023-09-27,22675.52
2023-09-28,22675.52
2023-09-29,22675.52
2023-10-02,22675.52
2023-10-03,22920.63
2023-10-04,22920.63
2023-10-05,22920.63
2023-10-06,22920.63
2023-10-09,22920.63
2023-10-10,22772.11
2023-10-11,22698.8
2023-10-12,22729.88
2023-10-13,22597.63
2023-10-16,22437.57
2023-10-17,22450.74
2023-10-18,22450.74
2023-10-19,22450.74
2023-10-20,22450.74
2023-10-23,22450.74
2023-10-24,22450.74
2023-10-25,22450.74
2023-10-26,22450.74
2023-10-27,22450.74
2023-10-30,22450.74
2023-10-31,22417.09
2023-11-01,22322.57
2023-11-02,22322.57
2023-11-03,22203.82
2023-11-06,22203.82
2023-11-07,22203.82
2023-11-08,22203.82
2023-11-09,22203.82
2023-11-10,22154.82
2023-11-13,22154.82
2023-11-14,22154.82
2023-11-15,22154.82
2023-11-16,22154.82
2023-11-17,22148.05
2023-11-20,22148.05
2023-11-21,22148.05
2023-11-22,22148.05
2023-11-24,22144.07
2023-11-27,22144.07
2023-11-28,22144.07
2023-11-29,22144.07
2023-11-30,22144.07
2023-12-01,22144.07
2023-12-04,22144.07
2023-12-05,22144.07
2023-12-06,22144.07
2023-12-07,22144.07
2023-12-08,22144.07
2023-12-11,22011.67
2023-12-12,22011.67
2023-12-13,22060.09
2023-12-14,22060.09
2023-12-15,22060.09
2023-12-18,22060.09
2023-12-19,22060.09
2023-12-20,22060.09
2023-12-21,22060.09
2023-12-22,22184.03
2023-12-26,22184.03
2023-12-27,22184.03
2023-12-28,22184.03
2023-12-29,22184.03
2024-01-02,22344.67
2024-01-03,22479.22
2024-01-04,22479.22
2024-01-05,22479.22
2024-01-08,22479.22
2024-01-09,22479.22
2024-01-10,22479.22
2024-01-11,22479.22
2024-01-12,22535.59
2024-01-16,22535.59
2024-01-17,22535.59
2024-01-18,22535.59
2024-01-19,22538.85
2024-01-22,22538.85
2024-01-23,22538.85
2024-01-24,22538.85
2024-01-25,22538.85
2024-01-26,22538.85
2024-01-29,22538.85
2024-01-30,22538.85
2024-01-31,22538.85
2024-02-01,22538.85
2024-02-02,22538.85
2024-02-05,22538.85
2024-02-06,22538.85
2024-02-07,22538.85
2024-02-08,22538.85
2024-02-09,22538.85
2024-02-12,22827.66
2024-02-13,22827.66
2024-02-14,22827.66
2024-02-15,22876.99
2024-02-16,22854.77
2024-02-20,22854.77
2024-02-21,22854.77
2024-02-22,22850.26
2024-02-23,22991.45
2024-02-26,22991.45
2024-02-27,22991.45
2024-02-28,22991.45
2024-02-29,22994.82
2024-03-01,22994.82
2024-03-04,22994.82
2024-03-05,22994.82
2024-03-06,22994.82
2024-03-07,22984.63
2024-03-08,22984.63
2024-03-11,22984.63
2024-03-12,22984.63
2024-03-13,22984.63
2024-03-14,22981.74
2024-03-15,22981.74
2024-03-18,22981.74
2024-03-19,22981.74
2024-03-20,22981.74
2024-03-21,23003.93
2024-03-22,23003.93
2024-03-25,23003.93
2024-03-26,23003.93
2024-03-27,23003.93
2024-03-28,22987.31
2024-04-01,22987.31
2024-04-02,22987.31
2024-04-03,22987.31
2024-04-04,22989.46
2024-04-05,22989.46
2024-04-08,22989.46
2024-04-09,22989.46
2024-04-10,22989.46
2024-04-11,22967.28
2024-04-12,22967.28
2024-04-15,22967.28
2024-04-16,22967.28
2024-04-17,22967.28
2024-04-18,22967.28
2024-04-19,22892.53
2024-04-22,22892.53
2024-04-23,22892.53
2024-04-24,22892.53
2024-04-25,22892.53
2024-04-26,22892.53
2024-04-29,22773.44
2024-04-30,22791.61
2024-05-01,22791.61
2024-05-02,22791.61
2024-05-03,22758.67
2024-05-06,22758.67
2024-05-07,22758.07
2024-05-08,22758.07
2024-05-09,22758.07
2024-05-10,22758.07
2024-05-13,22758.07
2024-05-14,22721.27
2024-05-15,22721.27
2024-05-16,22721.27
2024-05-17,22721.27
2024-05-20,22721.27
2024-05-21,22721.27
2024-05-22,22623.62
2024-05-23,22623.62
2024-05-24,22623.62
2024-05-28,22614.46
2024-05-29,22614.46
2024-05-30,22614.46
2024-05-31,22614.46
2024-06-03,22614.46
2024-06-04,22590.74
2024-06-05,22590.74
2024-06-06,22590.74
2024-06-07,22590.74
2024-06-10,22590.74
2024-06-11,22590.45
2024-06-12,22590.45
2024-06-13,22590.45
2024-06-14,22590.45
2024-06-17,22590.45
2024-06-18,22608.82
2024-06-20,22608.82
2024-06-21,22608.82
2024-06-24,22608.82
2024-06-25,22595.91
2024-06-26,22595.91
2024-06-27,22595.91
2024-06-28,22595.91
2024-07-01,22595.91
2024-07-02,22596.2
2024-07-03,22596.2
2024-07-05,22596.2
2024-07-08,22596.2
2024-07-09,22591.63
2024-07-10,22591.63
2024-07-11,22591.63
2024-07-12,22591.63
2024-07-15,22591.63
2024-07-16,22591.63
2024-07-17,22591.63
2024-07-18,22591.63
2024-07-19,22473.74
2024-07-22,22473.74
2024-07-23,22473.74
2024-07-24,22473.74
2024-07-25,22455.57
2024-07-26,22455.57
2024-07-29,22455.57
2024-07-30,22455.57
2024-07-31,22455.57
2024-08-01,22455.57
2024-08-02,22241.16
2024-08-05,21972.84
2024-08-06,21972.84
2024-08-07,21972.84
2024-08-08,21992.91
2024-08-09,21992.91
2024-08-12,21992.91
2024-08-13,21992.91
2024-08-14,21992.91
2024-08-15,21992.91
2024-08-16,21992.91
2024-08-19,21992.91
2024-08-20,22027.23
2024-08-21,22027.23
2024-08-22,22027.23
2024-08-23,22027.23
2024-08-26,22027.23
2024-08-27,22027.23
2024-08-28,22027.23
2024-08-29,22027.23
2024-08-30,22027.23
2024-09-03,22027.23
2024-09-04,22027.23
2024-09-05,22027.23
2024-09-06,22027.23
2024-09-09,22027.23
2024-09-10,22027.23
2024-09-11,22027.23
2024-09-12,22151.89
2024-09-13,22151.89
2024-09-16,22049.87
2024-09-17,22049.87
2024-09-18,22049.87
2024-09-19,22049.87
2024-09-20,22049.87
2024-09-23,22049.87
2024-09-24,22049.87
2024-09-25,22049.87
2024-09-26,22049.87
2024-09-27,22049.87
2024-09-30,22049.87
2024-10-01,22049.87
2024-10-02,22049.87
2024-10-03,22049.87
2024-10-04,22049.87
2024-10-07,22049.87
2024-10-08,22049.87
2024-10-09,22049.87
2024-10-10,22049.87
2024-10-11,22166.84
2024-10-14,22166.84
2024-10-15,22166.84
2024-10-16,22166.84
2024-10-17,22166.84
2024-10-18,22267.48
2024-10-21,22267.48
2024-10-22,22267.48
2024-10-23,22267.48
2024-10-24,22267.48
2024-10-25,22267.48
2024-10-28,22267.48
2024-10-29,22267.48
2024-10-30,22267.48
2024-10-31,22267.48
2024-11-01,22267.48
2024-11-04,22267.48
2024-11-05,22267.48
2024-11-06,22267.48
2024-11-07,22267.48
2024-11-08,22267.48
2024-11-11,22267.48
2024-11-12,22267.48
2024-11-13,22267.48
2024-11-14,22267.48
2024-11-15,22276.5
2024-11-18,22276.5
2024-11-19,22276.5
2024-11-20,22276.5
2024-11-21,22175.81
2024-11-22,22143.7
2024-11-25,22143.7
2024-11-26,22143.7
2024-11-27,22143.7
2024-11-29,22143.7
2024-12-02,22153.09
2024-12-03,22153.09
2024-12-04,22153.09
2024-12-05,22153.09
2024-12-06,22266.3
2024-12-09,22262.04
2024-12-10,22245.41
2024-12-11,22245.41
2024-12-12,22245.41
2024-12-13,22245.41
2024-12-16,22245.41
2024-12-17,22245.41
2024-12-18,22245.41
2024-12-19,22245.41
2024-12-20,22245.41
2024-12-23,22245.41
2024-12-24,22245.41
2024-12-26,22245.41
2024-12-27,22245.41
2024-12-30,22245.41
2024-12-31,22245.41
2025-01-02,22211.84
2025-01-03,22211.84
2025-01-06,22211.84
2025-01-07,22211.84
2025-01-08,22211.84
2025-01-10,22211.84
2025-01-13,21970.28
2025-01-14,21970.28
2025-01-15,21726.51
2025-01-16,21726.51
2025-01-17,21726.51
2025-01-21,21726.51
2025-01-22,21656.95
2025-01-23,21656.95
2025-01-24,21656.95
2025-01-27,21656.95
2025-01-28,21656.95
2025-01-29,21672.89
2025-01-30,21672.89
2025-01-31,21672.89
2025-02-03,21672.89
2025-02-04,21672.89
2025-02-05,21738.69
2025-02-06,21738.69
2025-02-07,21738.69
2025-02-10,21738.69
2025-02-11,21738.69
2025-02-12,21665.21
2025-02-13,21665.21
2025-02-14,21665.21
2025-02-18,21887.07
2025-02-19,21898.92
2025-02-20,21898.92
2025-02-21,21898.92
2025-02-24,21898.92
2025-02-25,21898.92
2025-02-26,21864.38
2025-02-27,21864.38
2025-02-28,21864.38
2025-03-03,21864.38
2025-03-04,21864.38
2025-03-05,21861.37
2025-03-06,21861.37
2025-03-07,21861.37
2025-03-10,21861.37
2025-03-11,21861.37
2025-03-12,21861.37
2025-03-13,21861.37
2025-03-14,21861.37
2025-03-17,21769.73
2025-03-18,21769.73
2025-03-19,21720.51
2025-03-20,21720.51
2025-03-21,21720.51
2025-03-24,21720.51
2025-03-25,21720.51
2025-03-26,21741.82
2025-03-27,21741.82
2025-03-28,21741.82
2025-03-31,21741.82
2025-04-01,21741.82
2025-04-02,21666.73
2025-04-03,21666.73
2025-04-04,21666.73
2025-04-07,21666.73
2025-04-08,21666.73
2025-04-09,21666.73
2025-04-10,21666.73
2025-04-11,21666.73
2025-04-14,21666.73
2025-04-15,21666.73
2025-04-16,21666.73
2025-04-17,21666.73
2025-04-21,21666.73
2025-04-22,21666.73
2025-04-23,21666.73
2025-04-24,21666.73
2025-04-25,21666.73
2025-04-28,21666.73
2025-04-29,21666.73
2025-04-30,21666.73
2025-05-01,21666.73
2025-05-02,21432.69
2025-05-05,21432.69
2025-05-06,21434.72
2025-05-07,21434.72
2025-05-08,21434.72
2025-05-09,21434.72
2025-05-12,21434.72
2025-05-13,21434.72
2025-05-14,21190.91
2025-05-15,21190.91
2025-05-16,21190.91
2025-05-19,21190.91
2025-05-20,21190.91
2025-05-21,21190.91
2025-05-22,21190.91
2025-05-23,21190.91
2025-05-27,21190.91
2025-05-28,21190.91
2025-05-29,21190.91
2025-05-30,21190.91
